{
  "embedding_dim": 128,
  "num_layers": 1,
  "nhead": 1,
  "dim_ff_factor": 5,
  "dropout": 0.26868094049797014,
  "batch_size": 8,
  "lr": 0.0002445138788261382,
  "weight_decay": 3.590704963809021e-05,
  "optimizer": "AdamW"
}