{
  "embedding_dim": 128,
  "num_layers": 2,
  "nhead": 1,
  "dim_ff_factor": 2,
  "dropout": 0.051922756636643065,
  "batch_size": 8,
  "lr": 0.004195009490820854,
  "weight_decay": 3.0760652006486315e-05,
  "optimizer": "Adam"
}