{
  "embedding_dim": 128,
  "num_layers": 4,
  "nhead": 1,
  "dim_ff_factor": 5,
  "dropout": 0.1092292323253752,
  "batch_size": 8,
  "lr": 0.00254889596153944,
  "weight_decay": 0.0016090626168439777,
  "optimizer": "Adam"
}