{
  "embedding_dim": 128,
  "num_layers": 1,
  "nhead": 2,
  "dim_ff_factor": 6,
  "dropout": 0.03459477259865107,
  "batch_size": 16,
  "lr": 0.00032003978241631277,
  "weight_decay": 0.007675174931438396,
  "optimizer": "AdamW"
}