{
  "embedding_dim": 256,
  "num_layers": 3,
  "nhead": 1,
  "dim_ff_factor": 5,
  "dropout": 0.12418092921354142,
  "batch_size": 32,
  "lr": 0.0019124348962793578,
  "weight_decay": 6.261544261611315e-05,
  "optimizer": "AdamW"
}