{
  "best_val_loss": 5.219639677926642e-05,
  "epochs_trained": 30,
  "training_duration_minutes": 6.6924134833333335,
  "start_datetime": "2025-05-19 13:23:28",
  "hyperparameters": {
    "epochs": 500,
    "lr0": 0.01,
    "batch_size": 1000,
    "hidden_layers": "-64-64-64-64-64",
    "activation": "SiLU"
  },
  "final lr": 0.01,
  "train_loss": [
    0.00018992030544524112,
    0.00019782691236974864,
    0.00019400845333954414,
    0.0001807018444859088,
    0.0001712495432184187,
    0.00016496850380267656,
    0.00016932592533358892,
    0.0042870569240177295,
    0.0003276950695187218,
    0.0002763248424150527,
    0.00026516065350937223,
    0.00024334427977631382,
    0.00022381834697897559,
    0.00022515892890766594,
    0.0001968187766565293,
    0.0001933094808101395,
    0.0001729510190484875,
    0.00017567024803759375,
    0.0001582409900070129,
    0.00015520056158302586,
    0.0001538693709021886,
    0.00014393288374840203,
    0.00014312308521366904,
    0.00013789210186461912,
    0.0001248141401607267,
    0.00012874352349800854,
    0.0001249037476274051,
    0.00012235996386239915,
    0.0001167126480780368,
    0.00010808654198652196
  ],
  "val_loss": [
    0.00028040519828936524,
    0.00010169054109758542,
    0.0001161066211316247,
    0.00021805341891234053,
    8.978678797084776e-05,
    0.0001566511671010337,
    0.00013114010711375216,
    0.0003344936072875231,
    0.0001919777032553584,
    0.00029118437789900175,
    0.00018065579910785869,
    0.0002540398091768039,
    0.00014173951309679502,
    8.11455731552753e-05,
    0.00016409810254495446,
    0.0002469074425061808,
    0.000166823166659447,
    0.00020385940174433076,
    0.00020718707617981217,
    0.00021857490296011323,
    0.00015021485730697012,
    0.00013056297768333035,
    9.077416197524743e-05,
    0.00011152463899874179,
    0.00012883355648100534,
    6.144412629571827e-05,
    0.00016203568596317276,
    0.00011720031891906676,
    7.689937657531729e-05,
    5.219639677926642e-05
  ]
}