{
  "best_val_loss": 3.3326363793546536e-05,
  "epochs_trained": 98,
  "training_duration_minutes": 14.4390355,
  "start_datetime": "2025-06-13 10:18:38",
  "hyperparameters": {
    "epochs": 1000,
    "lr0": 0.01,
    "batch_size": 1000,
    "hidden_layers": "-64-64-64-64-64",
    "activation": "ReLU"
  },
  "final lr": 0.0001,
  "train_loss": [
    0.047174805390925445,
    0.0029955790733759953,
    0.0014353987821066848,
    0.0012966121047482434,
    0.001244303601184037,
    0.0010392932011472121,
    0.001389069674819067,
    0.0007801279829983789,
    0.0009719575637276995,
    0.0009232975062583725,
    0.0009274614048552552,
    0.0007685064569716886,
    0.0007035283601255171,
    0.0007979356194878538,
    0.0006680409470034514,
    0.0006876249634304726,
    0.0006502628439463139,
    0.000632233521638951,
    0.0005885489151726957,
    0.0005929642966607425,
    0.0005474396318340817,
    0.0005476869436518468,
    0.0004964064876559681,
    0.0005105566754259596,
    0.00047721497563804914,
    0.00047831405362404593,
    8.558068807979429e-05,
    7.32417697277428e-05,
    7.082709393989504e-05,
    6.88514953781924e-05,
    6.706819300354553e-05,
    6.53575897507956e-05,
    6.366593467149456e-05,
    6.194633914475361e-05,
    6.0205206339525514e-05,
    5.85366781361205e-05,
    5.6950933576316495e-05,
    5.552716190293402e-05,
    5.4155955310691365e-05,
    5.294612412842537e-05,
    5.1768379019877444e-05,
    5.076382009931919e-05,
    4.981796486339362e-05,
    4.89059815386586e-05,
    4.810604205537226e-05,
    4.731893982344593e-05,
    4.657076661754738e-05,
    4.605229756518919e-05,
    4.5296684833530875e-05,
    4.469290335510329e-05,
    4.410539618881876e-05,
    4.357794117532589e-05,
    4.311817690712936e-05,
    4.2562766811250554e-05,
    4.210279528617409e-05,
    4.164605562455579e-05,
    4.120681643916141e-05,
    4.075444857355021e-05,
    4.033055322173087e-05,
    3.990691071796536e-05,
    3.951385519099789e-05,
    3.909718471719957e-05,
    3.875051291373039e-05,
    3.830129647430874e-05,
    3.8009351595934314e-05,
    3.758908979377443e-05,
    3.729241076490608e-05,
    3.6932652681439526e-05,
    3.663327232372855e-05,
    3.633497407139352e-05,
    3.601004359696088e-05,
    3.573146291299098e-05,
    3.545091739029903e-05,
    3.513953554430632e-05,
    3.4840057148755636e-05,
    3.463896454588672e-05,
    3.4354555772062246e-05,
    3.409799545706457e-05,
    3.385724624428797e-05,
    3.354689634202958e-05,
    3.333344507701034e-05,
    3.309754098482301e-05,
    3.2825601565496416e-05,
    3.2598727712221485e-05,
    3.238986539221578e-05,
    3.2155049439674244e-05,
    3.193837503711812e-05,
    3.169907035479444e-05,
    3.153056229891098e-05,
    3.1299560498486755e-05,
    3.1193735564447044e-05,
    3.0945153604237425e-05,
    3.0789425937878764e-05,
    3.05854979726617e-05,
    3.042622493953894e-05,
    3.0321173596685478e-05,
    3.0088698085796425e-05,
    2.9927354609686304e-05
  ],
  "val_loss": [
    0.0037045659530874375,
    0.0015990456846960402,
    0.0014888471363207231,
    0.0008769491510351768,
    0.0008346484341941491,
    0.0012078139740000521,
    0.0007487167795870237,
    0.0005935673309665929,
    0.0006167955634828013,
    0.0007837927813263057,
    0.0003819904717117,
    0.0005873564599811301,
    0.0013759369746996807,
    0.0009420463855105725,
    0.00031965916601442765,
    0.001899660237693599,
    0.00042743927128236186,
    0.0004631372522325492,
    0.0005516857857507496,
    0.0005621983715985249,
    0.0005990306428237283,
    0.0005248375834474297,
    0.00038495371259781967,
    0.0003497528225859417,
    0.0012796522195141142,
    0.0008115770798139311,
    0.0001281799280029311,
    0.00012148256093467382,
    0.00011642923045410744,
    0.00011130066875423425,
    0.00010604012441598916,
    0.00010140589727127479,
    9.641362000704818e-05,
    9.215710889583243e-05,
    8.701332591807079e-05,
    8.216505945050563e-05,
    7.983469233747658e-05,
    7.602700667224678e-05,
    7.37423681328239e-05,
    7.074244778194626e-05,
    6.887331935606605e-05,
    6.624639093830877e-05,
    6.395631837338326e-05,
    6.180169027622931e-05,
    6.219160756457556e-05,
    5.888466164408299e-05,
    5.824636389399791e-05,
    5.6490473092232174e-05,
    5.58724948480101e-05,
    5.482249091099195e-05,
    5.291273132447836e-05,
    5.2909385880871464e-05,
    5.0972326015518e-05,
    4.971969015336704e-05,
    4.998392970227579e-05,
    4.8339213120558635e-05,
    4.741505217525782e-05,
    4.6622637290676104e-05,
    4.5761898078538746e-05,
    4.576275185419698e-05,
    4.4552076523196935e-05,
    4.484439299854561e-05,
    4.386255221408345e-05,
    4.237248025788971e-05,
    4.251257695188059e-05,
    4.212435729922337e-05,
    4.1719737255134734e-05,
    4.118662872025487e-05,
    4.081628890866546e-05,
    4.034331747273942e-05,
    4.041541870191923e-05,
    3.988624736278895e-05,
    4.0048037025935974e-05,
    3.912046108112676e-05,
    3.868123417509901e-05,
    3.8477848000376785e-05,
    3.843594927352492e-05,
    3.7996765563498276e-05,
    3.7763367857620833e-05,
    3.768437268131624e-05,
    3.7523611437253374e-05,
    3.75063303505743e-05,
    3.659425313904997e-05,
    3.70829873252144e-05,
    3.6316350045896026e-05,
    3.590101053347965e-05,
    3.645551881633295e-05,
    3.60365906322608e-05,
    3.515106907872831e-05,
    3.511582957350123e-05,
    3.4783513379429146e-05,
    3.492114390630357e-05,
    3.427459336404258e-05,
    3.422873559721374e-05,
    3.394753628446859e-05,
    3.3724333444514524e-05,
    3.424700569123704e-05,
    3.3326363793546536e-05
  ]
}