{
  "trial_number": 1,
  "weights": {
    "mse_weight": 0.0,
    "physics_weight": 1e-05,
    "boundary_weight": 1.0
  },
  "model_config": {
    "hidden_dims": [
      64
    ],
    "kernel_size": [
      [
        5,
        5
      ]
    ],
    "lr": 0.01,
    "batch_size": 32,
    "dt": 1,
    "n_train": 1000,
    "time_sim": 50
  },
  "training_results": {
    "best_val_loss": 0.19078710675239563,
    "test_mse": 6.871534824371338,
    "epochs_trained": 43,
    "training_history": {
      "total": [
        312.54845275878904,
        198.12711181640626,
        175.52462463378907,
        99.31546020507812,
        15.410551261901855,
        8.813537216186523,
        8.131359243392945,
        4.846546292304993,
        3.4832440614700317,
        2.521614503860474,
        2.264849829673767,
        1.6942678213119506,
        1.4038273334503173,
        1.5349935173988343,
        1.257477581501007,
        0.6701378524303436,
        0.557060593366623,
        0.5870599448680878,
        1.0437045484781264,
        0.9798961043357849,
        0.5869531661272049,
        0.44077399373054504,
        0.3581714197993279,
        0.2568198889493942,
        0.2735901609063148,
        0.7233857274055481,
        0.5984735012054443,
        0.4261646822094917,
        0.40116398930549624,
        0.31739273816347124,
        0.36524211019277575,
        0.372230751812458,
        0.3199137821793556,
        0.3473529040813446,
        0.3407526969909668,
        0.33953844755887985,
        0.3284974157810211,
        0.3673220857977867,
        0.3423473000526428,
        0.41017573028802873,
        0.4205526500940323,
        0.5811427384614944,
        0.46235022842884066
      ],
      "mse": [
        0.7245813384652138,
        0.3412563860416412,
        0.27015621960163116,
        0.15683171525597572,
        0.3399927407503128,
        0.4180793583393097,
        0.3757706046104431,
        0.38044841289520265,
        0.26018644124269485,
        0.15324359387159348,
        0.12786301597952843,
        0.1257897399365902,
        0.11199638620018959,
        0.11180900037288666,
        0.1178939551115036,
        0.11314245536923409,
        0.11246316507458687,
        0.11340740621089936,
        0.11476912796497345,
        0.1142297051846981,
        0.11254718154668808,
        0.1279204823076725,
        0.13642342165112495,
        0.14087654203176497,
        0.14164666831493378,
        0.145867782831192,
        0.139349003136158,
        0.13538890033960344,
        0.1414525143802166,
        0.15130095630884172,
        0.14932811409235,
        0.15286088734865189,
        0.16030877381563186,
        0.1672388032078743,
        0.16591728925704957,
        0.16967289000749589,
        0.16482857912778853,
        0.16973272413015367,
        0.17925366908311843,
        0.15836861878633499,
        0.16810436099767684,
        0.1567875936627388,
        0.15045020431280137
      ],
      "physics": [
        3.1277333080768583,
        1.391806697845459,
        0.6828704059123993,
        0.392949478328228,
        1.1768709033727647,
        1.5079835772514343,
        1.3148905217647553,
        1.3628204703330993,
        0.9284166932106018,
        0.4481313019990921,
        0.3386212050914764,
        0.33018078207969664,
        0.2774431318044662,
        0.29423512518405914,
        0.3029540032148361,
        0.2818686172366142,
        0.2827144265174866,
        0.28638429939746857,
        0.2943184822797775,
        0.28556921184062956,
        0.28330782651901243,
        0.3418787598609924,
        0.37877841889858244,
        0.40042719542980193,
        0.4030209869146347,
        0.4243402749300003,
        0.3983617931604385,
        0.38090104460716245,
        0.40638278126716615,
        0.4511859565973282,
        0.4430225193500519,
        0.46117434501647947,
        0.49757460653781893,
        0.5268527060747147,
        0.5230907529592514,
        0.5424920350313187,
        0.5221350520849228,
        0.5450751632452011,
        0.5835388720035553,
        0.49138456881046294,
        0.5337788045406342,
        0.48828442096710206,
        0.4556035876274109
      ],
      "boundary": [
        312.54842376708984,
        198.127099609375,
        175.52462005615234,
        99.31545791625976,
        15.410539817810058,
        8.813522148132325,
        8.131346178054809,
        4.846532726287842,
        3.4832347869873046,
        2.5216100454330443,
        2.264846456050873,
        1.694264531135559,
        1.403824555873871,
        1.5349905729293822,
        1.257474559545517,
        0.670135036110878,
        0.5570577591657638,
        0.587057089805603,
        1.0437016040086746,
        0.9798932433128357,
        0.5869503319263458,
        0.4407705783843994,
        0.35816763490438464,
        0.2568158820271492,
        0.2735861286520958,
        0.7233814865350723,
        0.5984695196151734,
        0.42616086453199387,
        0.4011599212884903,
        0.3173882246017456,
        0.36523767560720444,
        0.3722261399030685,
        0.3199088081717491,
        0.3473476305603981,
        0.34074746668338773,
        0.33953302800655366,
        0.3284921944141388,
        0.36731663942337034,
        0.3423414617776871,
        0.4101708114147186,
        0.42054731249809263,
        0.581137852370739,
        0.46234567165374757
      ]
    },
    "validation_history": {
      "total": [
        201.77277374267578,
        184.38803100585938,
        140.73551559448242,
        28.767849922180176,
        11.14676022529602,
        11.429546356201172,
        5.543358027935028,
        3.882128655910492,
        3.7255603075027466,
        3.147835075855255,
        1.8913545310497284,
        1.3463240563869476,
        1.9160460829734802,
        1.6977584660053253,
        0.8076041489839554,
        0.5452048927545547,
        0.6249754130840302,
        1.0569974929094315,
        1.3440144062042236,
        0.9904151260852814,
        0.5373396426439285,
        0.40915101766586304,
        0.21246371045708656,
        0.23521270975470543,
        0.5090203732252121,
        0.317052997648716,
        0.3839479684829712,
        0.5875863283872604,
        0.2119813896715641,
        0.29393135756254196,
        0.4482431560754776,
        0.26230788230895996,
        0.3235006183385849,
        0.48070741444826126,
        0.19078710675239563,
        0.29424362629652023,
        0.4367707148194313,
        0.23136378079652786,
        0.2624538913369179,
        0.5482032597064972,
        0.25852853804826736,
        0.5564992725849152,
        0.5712760239839554
      ],
      "mse": [
        0.21228402480483055,
        0.2471945658326149,
        0.21845447272062302,
        0.16298571228981018,
        0.3601576015353203,
        0.3649357557296753,
        0.3347640335559845,
        0.4052618592977524,
        0.18250711262226105,
        0.1543024629354477,
        0.14614497497677803,
        0.10365401953458786,
        0.10342268645763397,
        0.11343104019761086,
        0.11609265394508839,
        0.10697791911661625,
        0.11457988619804382,
        0.11145703494548798,
        0.11611667834222317,
        0.10719328559935093,
        0.12287629395723343,
        0.12519013695418835,
        0.14153824746608734,
        0.140056524425745,
        0.14740632474422455,
        0.1353139616549015,
        0.13017849251627922,
        0.17263051122426987,
        0.13339020684361458,
        0.13240152969956398,
        0.1703115552663803,
        0.147387333214283,
        0.13664376363158226,
        0.1979949176311493,
        0.15024956315755844,
        0.14623310044407845,
        0.19977254047989845,
        0.15236062183976173,
        0.15509159490466118,
        0.18253611400723457,
        0.15706300735473633,
        0.13046573847532272,
        0.17088082432746887
      ],