{
  "trial_number": 37,
  "weights": {
    "mse_weight": 0.0,
    "physics_weight": 0.0,
    "boundary_weight": 0.01
  },
  "model_config": {
    "hidden_dims": [
      64
    ],
    "kernel_size": [
      [
        5,
        5
      ]
    ],
    "lr": 0.01,
    "batch_size": 32,
    "dt": 1,
    "n_train": 1000,
    "time_sim": 50
  },
  "training_results": {
    "best_val_loss": 0.00024209004186559469,
    "test_mse": 3.524214506149292,
    "epochs_trained": 33,
    "training_history": {
      "total": [
        2.68953800201416,
        1.224338287115097,
        0.23194327652454377,
        0.08332562632858753,
        0.029813360050320627,
        0.016654983256012203,
        0.009610091196373105,
        0.0065997538156807424,
        0.0033324782853014767,
        0.002181843388825655,
        0.001823496795259416,
        0.0012958171253558248,
        0.0009984945179894566,
        0.0007311044551897794,
        0.0006099186983192339,
        0.00047737993008922786,
        0.0004935630160616711,
        0.00043632659362629055,
        0.000386454162071459,
        0.0003525263717165217,
        0.0003428301512030885,
        0.00030376947252079843,
        0.00028948774270247667,
        0.0002594190795207396,
        0.00025021587644005196,
        0.0002582490575150587,
        0.00040196135523729026,
        0.00031600553484167904,
        0.00031065779912751166,
        0.000343737390358001,
        0.00029851249273633585,
        0.0002929892245447263,
        0.00040886244387365877
      ],
      "mse": [
        0.4067399434745312,
        0.19697077795863152,
        0.3667274937033653,
        0.33142774403095243,
        0.3488783001899719,
        0.35844810903072355,
        0.37775499522686007,
        0.40101673901081086,
        0.4180073022842407,
        0.4323467582464218,
        0.4411130309104919,
        0.4480997800827026,
        0.4514500319957733,
        0.45260621309280397,
        0.4546277433633804,
        0.4578887581825256,
        0.45929994285106657,
        0.4600886195898056,
        0.46234639286994933,
        0.4609642893075943,
        0.4639601677656174,
        0.4638489842414856,
        0.4650471031665802,
        0.465906611084938,
        0.46640034317970275,
        0.46621677577495574,
        0.46891955435276034,
        0.46774625182151797,
        0.46846372485160825,
        0.46880033910274505,
        0.47094055712223054,
        0.47122173607349394,
        0.47376700639724734
      ],
      "physics": [
        1.5936702698469163,
        0.49078249707818034,
        1.480212253332138,
        1.4272071957588195,
        1.4801067948341369,
        1.5443888545036315,
        1.6793501257896424,
        1.8260699033737182,
        1.9178600907325745,
        1.9933338284492492,
        2.040692925453186,
        2.076408314704895,
        2.093425464630127,
        2.103311228752136,
        2.1123849153518677,
        2.12855920791626,
        2.137340784072876,
        2.1407882452011107,
        2.151370406150818,
        2.148188662528992,
        2.1616407871246337,
        2.1603301763534546,
        2.1684877634048463,
        2.1707053661346434,
        2.1746702432632445,
        2.1745878934860228,
        2.1877713918685915,
        2.181003379821777,
        2.185139846801758,
        2.1870580196380613,
        2.1997633457183836,
        2.1988154649734497,
        2.213290309906006
      ],
      "boundary": [
        268.9538055419922,
        122.43383178710937,
        23.194328022003173,
        8.332562828063965,
        2.981336069107056,
        1.6654983758926392,
        0.9610091388225556,
        0.6599754005670547,
        0.33324783742427827,
        0.21818434298038483,
        0.18234968334436416,
        0.1295817144215107,
        0.09984945505857468,
        0.07311044633388519,
        0.06099187172949314,
        0.04773799329996109,
        0.049356302991509435,
        0.043632660433650015,
        0.03864541724324226,
        0.035252637974917886,
        0.034283016063272956,
        0.030376947857439517,
        0.028948774747550487,
        0.025941908545792102,
        0.025021588057279588,
        0.025824906304478645,
        0.04019613657146692,
        0.03160055410116911,
        0.031065780483186246,
        0.03437373954802751,
        0.029851249977946283,
        0.029298923164606094,
        0.040886245854198935
      ]
    },
    "validation_history": {
      "total": [
        1.7997728884220123,
        0.3586595579981804,
        0.11993945017457008,
        0.04766317177563906,
        0.02815573336556554,
        0.01207733154296875,
        0.0058144895592704415,
        0.0038787279627285898,
        0.002253293991088867,
        0.002115596318617463,
        0.0013561398372985423,
        0.0010877411987166852,
        0.0007166941941250116,
        0.0006494946574093774,
        0.00046116339217405766,
        0.0004988310029148124,
        0.00034809014323400334,
        0.00039036402449710295,
        0.00035474912874633446,
        0.0003195478093402926,
        0.0003096355067100376,
        0.0003057954672840424,
        0.0002586141745268833,
        0.0002570539800217375,
        0.00024209004186559469,
        0.00032659560383763164,
        0.0004973018367309123,
        0.00034600648359628394,
        0.0004247368924552575,
        0.00024447434043395333,
        0.00024266242326120846,
        0.00037678903026971966,
        0.0005362077499739826
      ],
      "mse": [
        0.08259631134569645,
        0.41874465346336365,
        0.22155404090881348,
        0.3489190489053726,
        0.3890299052000046,
        0.377360001206398,
        0.3769909292459488,
        0.40046846121549606,
        0.419615238904953,
        0.43012289702892303,
        0.4368991032242775,
        0.4459262415766716,
        0.4445042833685875,
        0.4450111910700798,
        0.4501263201236725,
        0.4520685449242592,
        0.44934292137622833,
        0.4526360258460045,
        0.4508003741502762,
        0.45508909970521927,
        0.4542535990476608,
        0.4559931606054306,
        0.45652908086776733,
        0.4584336429834366,
        0.4596560448408127,
        0.4590286687016487,
        0.4585564434528351,
        0.45950909703969955,
        0.45841435343027115,
        0.4615926444530487,
        0.46128612756729126,
        0.46371307224035263,
        0.460625484585762
      ],
      "physics": [
        0.12930786795914173,
        1.5455714464187622,
        0.8087150752544403,
        1.5021058917045593,
        1.592446118593216,
        1.6494477987289429,
        1.6957770586013794,
        1.829327017068863,
        1.9251931607723236,
        1.9814797937870026,
        2.0191254317760468,
        2.064971446990967,
        2.058182418346405,
        2.0606807470321655,
        2.084825098514557,
        2.0950881838798523,
        2.0856242179870605,
        2.1035107374191284,
        2.093067944049835,
        2.1134073734283447,
        2.1090522408485413,
        2.1177083253860474,
        2.1209962368011475,
        2.129539430141449,
        2.1365053057670593,
        2.132267653942108,
        2.130508601665497,
        2.1355236768722534,
        2.133847236633301,
        2.1486040353775024,
        2.1449636220932007,
        2.1614299416542053,
        2.1419582962989807
      ],