{
  "trial_number": 2,
  "weights": {
    "mse_weight": 0.0,
    "physics_weight": 0.0001,
    "boundary_weight": 0.0
  },
  "model_config": {
    "hidden_dims": [
      64
    ],
    "kernel_size": [
      [
        5,
        5
      ]
    ],
    "lr": 0.01,
    "batch_size": 32,
    "dt": 1,
    "n_train": 1000,
    "time_sim": 50
  },
  "training_results": {
    "best_val_loss": 6.340922453773601e-07,
    "test_mse": 5.541078090667725,
    "epochs_trained": 50,
    "training_history": {
      "total": [
        9.267211112273799e-05,
        6.318185205600457e-06,
        5.235129083303036e-06,
        4.82920695503708e-06,
        4.663044592234655e-06,
        4.542892429526546e-06,
        4.492699099500897e-06,
        4.376323545329797e-06,
        4.397932661959203e-06,
        4.2338291223131815e-06,
        4.285172644813429e-06,
        4.4533475374919366e-06,
        4.364582036942011e-06,
        4.290363062864344e-06,
        4.278431151760742e-06,
        4.053706470585894e-06,
        3.926386261809966e-06,
        4.489710522648238e-06,
        4.538365101325326e-06,
        3.941626300729695e-06,
        3.5639063298731346e-06,
        3.264716542616952e-06,
        3.4059193239954765e-06,
        2.9933166160844847e-06,
        3.243598621338606e-06,
        2.958442678391293e-06,
        2.5021375904543675e-06,
        2.2137249061415786e-06,
        2.6249320399074348e-06,
        2.3234442096509154e-06,
        2.267180434500915e-06,
        2.266601416067715e-06,
        2.302260531905631e-06,
        1.7555484646436525e-06,
        1.4295224218585644e-06,
        1.2617715242413396e-06,
        1.2781125519722992e-06,
        1.2692983318629557e-06,
        1.170087796253938e-06,
        1.1210318234589066e-06,
        9.918625494265143e-07,
        1.1943406548198254e-06,
        8.775615356171329e-07,
        8.024227327041444e-07,
        8.881007090622006e-07,
        7.846307312320278e-07,
        7.629197398273391e-07,
        7.948933500756538e-07,
        8.895373639461468e-07,
        7.00544529763647e-07
      ],
      "mse": [
        0.2927791729569435,
        0.08325395658612252,
        0.07891168221831321,
        0.07687508389353752,
        0.07577553540468215,
        0.0750996120274067,
        0.07406105920672416,
        0.07288257554173469,
        0.07323212176561356,
        0.07194423004984855,
        0.07187402099370957,
        0.07147376388311386,
        0.07090060487389564,
        0.06983387172222137,
        0.06862848922610283,
        0.06772607080638408,
        0.06575672738254071,
        0.06462902761995792,
        0.06323536448180675,
        0.060890791937708855,
        0.05944729782640934,
        0.05624327100813389,
        0.05430552512407303,
        0.05159236788749695,
        0.04985488131642342,
        0.048477624729275706,
        0.04589134454727173,
        0.04440269209444523,
        0.043232275545597075,
        0.04171701408922672,
        0.0404517762362957,
        0.03962650820612908,
        0.039449942857027055,
        0.037256448343396184,
        0.03495453670620918,
        0.03339779321104288,
        0.032795080170035365,
        0.031926907040178774,
        0.03156174048781395,
        0.031134087964892386,
        0.03091045394539833,
        0.03110412284731865,
        0.03018504772335291,
        0.02993886675685644,
        0.029848060570657253,
        0.029518568888306618,
        0.0292850736528635,
        0.02941914163529873,
        0.02925073876976967,
        0.029302018880844116
      ],
      "physics": [
        0.9267211228609085,
        0.06318185441195964,
        0.052351292222738266,
        0.048292070627212524,
        0.04663044698536396,
        0.04542892500758171,
        0.044926992058753966,
        0.043763237074017525,
        0.0439793273806572,
        0.042338292300701144,
        0.042851727455854416,
        0.04453347623348236,
        0.04364582188427448,
        0.04290363118052483,
        0.04278431311249733,
        0.04053706564009189,
        0.03926386386156082,
        0.04489710666239262,
        0.04538365267217159,
        0.03941626399755478,
        0.03563906438648701,
        0.032647166214883325,
        0.034059193544089796,
        0.02993316687643528,
        0.032435986958444116,
        0.02958442773669958,
        0.02502137664705515,
        0.02213724944740534,
        0.02624932136386633,
        0.02323444318026304,
        0.022671804763376713,
        0.02266601473093033,
        0.02302260585129261,
        0.017555485293269158,
        0.014295224659144878,
        0.012617715634405613,
        0.012781125772744418,
        0.012692983727902174,
        0.011700878385454416,
        0.011210318561643362,
        0.009918625745922328,
        0.011943406891077757,
        0.008775615692138672,
        0.008024227572605014,
        0.008881007367745043,
        0.007846307568252086,
        0.007629197603091597,
        0.007948933728039264,
        0.008895373856648802,
        0.007005445566028357
      ],
      "boundary": [
        286.22428436279296,
        218.60564880371095,
        219.54226531982422,
        215.5884567260742,
        213.009130859375,
        214.93775024414063,
        211.95985107421876,
        209.14823150634766,
        211.4959457397461,
        207.47617950439454,
        206.94438934326172,
        205.68898315429686,
        203.52235565185546,
        200.32562103271485,
        195.22469177246094,
        190.92203063964843,
        187.1526901245117,
        180.96699981689454,
        170.98038024902343,
        163.78764953613282,
        156.50218963623047,
        145.07852630615236,
        135.17581634521486,
        127.24167327880859,
        117.09287643432617,
        112.55384368896485,
        104.83235244750976,
        98.71741409301758,
        92.9317527770996,
        88.5565315246582,
        83.1170150756836,
        79.72765731811523,
        75.85873870849609,
        71.3713165283203,
        67.05258369445801,
        62.93219985961914,
        59.08891563415527,
        57.44713592529297,
        55.4918514251709,
        52.178493881225585,
        50.257694244384766,
        48.311062240600585,
        46.952199172973636,
        44.9486587524414,
        43.693844604492185,
        43.002750396728516,
        41.369058227539064,
        40.79358329772949,
        39.010019302368164,
        38.91357269287109
      ]
    },