{
  "trial_number": 0,
  "weights": {
    "mse_weight": 1.0,
    "physics_weight": 0.1,
    "boundary_weight": 1e-05
  },
  "model_config": {
    "hidden_dims": [
      64
    ],
    "kernel_size": [
      [
        5,
        5
      ]
    ],
    "lr": 0.01,
    "batch_size": 32,
    "dt": 1,
    "n_train": 1000,
    "time_sim": 50
  },
  "training_results": {
    "best_val_loss": 0.00022869466920383275,
    "test_mse": 4.546994686126709,
    "epochs_trained": 48,
    "training_history": {
      "total": [
        0.5871139533817769,
        0.0847794197499752,
        0.07865243554115295,
        0.07216085493564606,
        0.06766744963824749,
        0.062002891674637794,
        0.05181855820119381,
        0.037056891992688176,
        0.0246722549200058,
        0.01907622693106532,
        0.009815821750089526,
        0.0052237777505069975,
        0.003435685555450618,
        0.00266754652839154,
        0.0020876802620477973,
        0.0013847633730620147,
        0.001011679507791996,
        0.001194374350598082,
        0.0015342104132287204,
        0.0012106826994568109,
        0.001450509630376473,
        0.0008121984952595085,
        0.0006783823249861598,
        0.0005424942151876167,
        0.00047495261242147535,
        0.0006953374366275966,
        0.0013232299621449783,
        0.0016857619455549866,
        0.0008861961308866739,
        0.0005477328202687203,
        0.00040631964802742007,
        0.0003305828111479059,
        0.00035482298699207604,
        0.0005297090334352106,
        0.0012574905093060806,
        0.0008489841042319312,
        0.000739648871240206,
        0.000448372564278543,
        0.00026592574722599237,
        0.00024248072440968826,
        0.00026021692174253984,
        0.0016061644186265767,
        0.0019298070867080242,
        0.0017121916520409287,
        0.0008593949052738026,
        0.0010334853956010192,
        0.0006223870470421389,
        0.0003705470415297896
      ],
      "mse": [
        0.43407476767897607,
        0.07580518126487731,
        0.07012185826897621,
        0.0647547572851181,
        0.060371742397546765,
        0.05549883507192135,
        0.04604894481599331,
        0.03307727500796318,
        0.021714228950440884,
        0.015918454527854918,
        0.008153035817667843,
        0.004396708053536713,
        0.0028445351868867873,
        0.002169827197212726,
        0.0016770445508882403,
        0.0011358427058439703,
        0.0008388719637878239,
        0.0009522838285192847,
        0.001187246828339994,
        0.0009526818408630789,
        0.0011134288855828346,
        0.0006521074275951833,
        0.0005478862090967596,
        0.00044162193953525277,
        0.0003880204487359151,
        0.0005487380869453773,
        0.000997652331716381,
        0.0012829645129386336,
        0.0006962397281313315,
        0.00044088802533224223,
        0.00033071274228859695,
        0.00027157688018633055,
        0.0002881072330637835,
        0.0004123584963963367,
        0.0009518854873022065,
        0.0006580135464901105,
        0.0005741070897784084,
        0.0003556101248250343,
        0.00021785785211250185,
        0.00019908798713004218,
        0.0002110869812895544,
        0.001192719960818067,
        0.0014324714487884195,
        0.0013308564200997352,
        0.0006827798410085961,
        0.0007911089865956456,
        0.0005004961625672877,
        0.000303275155602023
      ],
      "physics": [
        1.5001342751085758,
        0.06791405938565731,
        0.06451957449316978,
        0.05451575368642807,
        0.054681746289134026,
        0.048808972164988515,
        0.046057476103305815,
        0.03308600727468729,
        0.026383650302886964,
        0.030097837559878826,
        0.01575346114113927,
        0.0076747034676373,
        0.005514715053141117,
        0.0047186848940327765,
        0.003922642092220485,
        0.002329842501785606,
        0.0016019285190850495,
        0.0023196769645437596,
        0.003370358585380018,
        0.002488657913636416,
        0.003285306540783495,
        0.0015262176399119197,
        0.0012362789653707295,
        0.0009498989034909755,
        0.0008159709395840764,
        0.0014149006747175008,
        0.0031960002146661282,
        0.003959914937149733,
        0.001843936217483133,
        0.0010233137232717126,
        0.000717469141818583,
        0.0005541585094761103,
        0.0006317469524219632,
        0.0011386044934624806,
        0.00301068882108666,
        0.0018680515815503896,
        0.001614101033192128,
        0.0008912351855542511,
        0.0004521800496149808,
        0.00040699959790799765,
        0.0004664696636609733,
        0.004085614968789742,
        0.004909939470235258,
        0.0037545264814980326,
        0.001712789066368714,
        0.0023711943882517516,
        0.001176195195876062,
        0.0006375145399942994
      ],
      "boundary": [
        302.5732757568359,
        218.28330993652344,
        207.8619400024414,
        195.4523483276367,
        182.75348205566405,
        162.31610260009765,
        116.38662414550781,
        67.10164527893066,
        31.966151809692384,
        14.79884605407715,
        8.743981075286865,
        5.959937572479248,
        3.9678844690322874,
        2.585084879398346,
        1.8371510982513428,
        1.5936404109001159,
        1.2614673674106598,
        1.0122813165187836,
        0.9927697777748108,
        0.9135058462619782,
        0.8550094485282898,
        0.7469307541847229,
        0.6868208169937133,
        0.5882389545440674,
        0.533506429195404,
        0.5109287202358246,
        0.5977617710828781,
        0.6805955290794372,
        0.556277135014534,
        0.4513410642743111,
        0.38599873483181,
        0.35900741815567017,
        0.354105606675148,
        0.3490078210830688,
        0.4536149621009827,
        0.4165392071008682,
        0.4131682634353638,
        0.3638919025659561,
        0.2849893197417259,
        0.26927745938301084,
        0.24829761385917665,
        0.4882930517196655,
        0.6341649994254113,
        0.5882601857185363,
        0.5336154490709305,
        0.5256968140602112,
        0.4271355658769608,
        0.3520424872636795
      ]
    },
    "validation_history": {
      "total": [
        0.09526285901665688,
        0.07663470320403576,
        0.0731541570276022,
        0.06896898150444031,
        0.06407399289309978,
        0.05361385177820921,
        0.04139833431690931,
        0.02718081185594201,
        0.018677725456655025,
        0.011993645457550883,
        0.006421887897886336,
        0.0041420734487473965,
        0.0027080042636953294,
        0.0020577232935465872,
        0.0018405007140245289,
        0.0012036135594826192,
        0.0008412154274992645,
        0.0024301487137563527,
        0.0013318248966243118,
        0.0011123285221401602,
        0.0009879777353489771,
        0.0006830852798884735,
        0.0005274665163597092,
        0.0004441371056600474,
        0.000507442862726748,
        0.0004138350050197914,
        0.002103901351802051,
        0.0007372537365881726,
        0.0005513103969860822,
        0.0003872398301609792,
        0.0003651523438747972,
        0.00030831473850412294,
        0.0005254200368653983,
        0.0020340114715509117,
        0.000942535640206188,
        0.0005836752243340015,
        0.0005490856565302238,
        0.0002769189959508367,
        0.00024169970492948778,
        0.00022869466920383275,
        0.0003964877250837162,
        0.0004384100320748985,
        0.002569435047917068,
        0.0009367987076984718,
        0.0010416124714538455,
        0.001143377710832283,
        0.0005226357898209244,
        0.0003190351926605217
      ],