{
    "start_datetime": "2025-05-30 10:25:08",
    "training_duration_minutes": 2.289911993344625,
    "model_parameters": 456769,
    "system_specs": null,
    "hidden_dims": [
        64,
        64
    ],
    "kernel_size": [
        3,
        3
    ],
    "batch_size": 256,
    "lr": 1.0000000000000002e-07,
    "scheduler": {
        "type": "ReduceLROnPlateau",
        "factor": 0.1,
        "patience": 10,
        "final_lr": 1.0000000000000002e-07
    },
    "early_stop_patience": 50,
    "epochs_trained": 84,
    "best_val_loss": 0.3951335549354553,
    "train_loss": [
        1.2531373500823975,
        1.2083987295627594,
        0.6357645988464355,
        0.37749603390693665,
        0.3582488149404526,
        0.4413924217224121,
        0.377116322517395,
        0.28982996940612793,
        0.23089134693145752,
        0.2593134939670563,
        0.233923077583313,
        0.23431571573019028,
        0.2875328063964844,
        0.2659134268760681,
        0.21955805271863937,
        0.17316346615552902,
        0.13682933896780014,
        0.11368043348193169,
        0.1076880395412445,
        0.10825131088495255,
        0.13630803674459457,
        0.13171332702040672,
        0.11962144449353218,
        0.1127144955098629,
        0.10140785574913025,
        0.10055417194962502,
        0.09831826016306877,
        0.09273967146873474,
        0.08876748755574226,
        0.0815950445830822,
        0.07536286115646362,
        0.07225517556071281,
        0.06947605311870575,
        0.06642819195985794,
        0.06444456800818443,
        0.062347328290343285,
        0.05947614088654518,
        0.05790252797305584,
        0.05574045516550541,
        0.05406605452299118,
        0.05253472737967968,
        0.05101180449128151,
        0.0497911237180233,
        0.04823656566441059,
        0.04709508828818798,
        0.04577839933335781,
        0.04505114629864693,
        0.04495451599359512,
        0.044841669499874115,
        0.044849950820207596,
        0.04478185810148716,
        0.0447867177426815,
        0.04479037597775459,
        0.04476412199437618,
        0.044700346887111664,
        0.044694194570183754,
        0.0447189025580883,
        0.04469818435609341,
        0.0448597501963377,
        0.044985344633460045,
        0.045040084049105644,
        0.04513669013977051,
        0.04526723548769951,
        0.045344939455389977,
        0.04543312452733517,
        0.045556239783763885,
        0.04567600414156914,
        0.04582004062831402,
        0.045912766829133034,
        0.04600321128964424,
        0.04616862162947655,
        0.04624739848077297,
        0.046433085575699806,
        0.04642334394156933,
        0.04659125208854675,
        0.04680318385362625,
        0.04697086848318577,
        0.047040775418281555,
        0.047201190143823624,
        0.047420842573046684,
        0.04758241027593613,
        0.04772907309234142,
        0.04796028509736061,
        0.047927968204021454
    ],
    "val_loss": [
        1.9915672540664673,
        1.8842214345932007,
        1.2654017210006714,
        1.2539749145507812,
        1.7884353399276733,
        0.9617592096328735,
        0.8579941987991333,
        1.0792540311813354,
        1.89358651638031,
        1.3411152362823486,
        1.3411152362823486,
        1.929940938949585,
        3.9018704891204834,
        1.5603314638137817,
        1.514614224433899,
        1.698620319366455,
        1.300350308418274,
        1.3823747634887695,
        1.4116050004959106,
        0.9693974852561951,
        0.8174468278884888,
        0.8488168120384216,
        0.8756453394889832,
        0.6755416989326477,
        0.6215974688529968,
        0.6318092346191406,
        0.5666502118110657,
        0.6707906126976013,
        0.4604260325431824,
        0.4325331747531891,
        0.4433673322200775,
        0.6824061274528503,
        0.6595386862754822,
        0.46073469519615173,
        0.3951335549354553,
        0.5753786563873291,
        0.7197622656822205,
        0.5448168516159058,
        0.410239577293396,
        0.4633793234825134,
        0.4997006356716156,
        0.425697386264801,
        0.4224470853805542,
        0.48031651973724365,
        0.4603394567966461,
        0.4698123335838318,
        0.4772695302963257,
        0.4884360730648041,
        0.4965415596961975,
        0.49922606348991394,
        0.49595972895622253,
        0.48837578296661377,
        0.47919243574142456,
        0.4714175760746002,
        0.46652406454086304,
        0.46583518385887146,
        0.4705968201160431,
        0.47118285298347473,
        0.47195079922676086,
        0.473103404045105,
        0.4738745391368866,
        0.47480180859565735,
        0.475301593542099,
        0.47591638565063477,
        0.4763830900192261,
        0.4765506982803345,
        0.4767925441265106,
        0.47682222723960876,
        0.4768538177013397,
        0.47671496868133545,
        0.47666096687316895,
        0.4766486883163452,
        0.47653353214263916,
        0.4764857888221741,
        0.47623884677886963,
        0.4761349558830261,
        0.47605276107788086,
        0.47599995136260986,
        0.47583475708961487,
        0.4758407473564148,
        0.4758666455745697,
        0.4758634567260742,
        0.47585922479629517,
        0.4758552014827728
    ]
}