{
    "start_datetime": "2025-05-29 08:40:41",
    "training_duration_minutes": 18.706530435880026,
    "system_specs": null,
    "hidden_dims": [
        64,
        64
    ],
    "kernel_size": [
        3,
        3
    ],
    "batch_size": 128,
    "lr": 1.0000000000000002e-06,
    "scheduler": {
        "type": "ReduceLROnPlateau",
        "factor": 0.1,
        "patience": 10,
        "final_lr": 1.0000000000000002e-06
    },
    "early_stop_patience": 50,
    "epochs_trained": 116,
    "best_val_loss": 1.997687650145963e-05,
    "train_loss": [
        0.05810797959566116,
        0.014004411990754306,
        0.004849340504733846,
        0.0024600867182016373,
        0.0015553421544609591,
        0.0010094301687786356,
        0.0006949663656996563,
        0.0004896909194940235,
        0.0003748177950910758,
        0.0002809842335409485,
        0.0002257390988233965,
        0.00040642384556122124,
        0.00026490075651963707,
        0.00017986405509873293,
        0.00015410365631396417,
        0.00023347852038568817,
        0.0001931276610775967,
        0.0001265277287529898,
        0.0003024507786903996,
        0.00019944909035984892,
        0.00022774620902055176,
        0.00018446707144903485,
        0.00013055967065156437,
        0.00013320479047251865,
        0.00010175247098231921,
        8.014905415620888e-05,
        0.00032897874916670844,
        0.0004717544534287299,
        0.0002891102703870274,
        0.00017463718995713862,
        9.758695705386344e-05,
        7.355175148404669e-05,
        6.46294192847563e-05,
        6.434220767914667e-05,
        9.555630731483689e-05,
        0.00015266352875187295,
        0.00012683072145591723,
        0.00025627748254919425,
        0.0002078226707453723,
        8.04990786491544e-05,
        5.915482552154572e-05,
        5.811129813082516e-05,
        6.884126833028859e-05,
        0.0003171819571434753,
        0.0001963860613614088,
        8.113374906315585e-05,
        6.932605856491136e-05,
        4.3067643218819285e-05,
        4.81403785670409e-05,
        0.0006769161373085808,
        0.00040877068204281386,
        0.00021837989061168628,
        0.00016020821476558922,
        8.843466275720857e-05,
        5.79553930037946e-05,
        4.580010681820568e-05,
        3.797674207817181e-05,
        3.148755672555126e-05,
        2.9758929485979024e-05,
        8.070022931860876e-05,
        7.373190555881592e-05,
        5.831113230669871e-05,
        4.974642934030271e-05,
        4.152332849116647e-05,
        3.373241793269699e-05,
        2.2963293304201216e-05,
        2.0832061181863537e-05,
        2.0457378013816196e-05,
        5.079371135252586e-05,
        0.0019238562890677713,
        0.0009380499614053406,
        0.00043858623394044116,
        0.00021167882368899882,
        0.00011710058879543794,
        7.606370127177797e-05,
        5.2898622470820555e-05,
        4.119372761124396e-05,
        3.4956279705511406e-05,
        3.165309112773684e-05,
        3.069652075282647e-05,
        3.0211882176445215e-05,
        2.9894632461946458e-05,
        2.954731075988093e-05,
        2.9350251224968815e-05,
        2.909454565269698e-05,
        2.8796333708669408e-05,
        2.853957084880676e-05,
        2.8338381980574923e-05,
        2.8094918434362626e-05,
        2.795131331367884e-05,
        2.7905013666895684e-05,
        2.7885014560524723e-05,
        2.788301640066493e-05,
        2.785187939480238e-05,
        2.7822844458569307e-05,
        2.7826042014567065e-05,
        2.778410294013156e-05,
        2.7773869533120887e-05,
        2.7755737164625316e-05,
        2.772273296614003e-05,
        2.7751488232752308e-05,
        2.7695863991539227e-05,
        2.768983517853485e-05,
        2.7697059522324707e-05,
        2.7690934302881942e-05,
        2.7704310468834592e-05,
        2.7726168127628625e-05,
        2.7703187697625253e-05,
        2.771491494968359e-05,
        2.7708407515092404e-05,
        2.7692137791746063e-05,
        2.7689774469763506e-05,
        2.7657616328724544e-05,
        2.7698967187461676e-05,
        2.7695152539308765e-05,
        2.7708263587555848e-05
    ],
    "val_loss": [
        0.021459616720676422,
        0.006943780463188887,
        0.003166150418110192,
        0.002062108018435538,
        0.0013170366291888058,
        0.0009309616580139846,
        0.0006496675778180361,
        0.000453480810392648,
        0.0003461716551100835,
        0.00026824318047147244,
        0.00023367715766653419,
        0.00019702564168255776,
        0.0002417104915366508,
        0.00020096073421882465,
        0.0001511291047791019,
        0.0004230184422340244,
        0.00019038771279156208,
        0.0001777011711965315,
        0.00022289204207481816,
        0.00017881520034279674,
        0.0003962410701205954,
        8.490246182191186e-05,
        0.0002510379272280261,
        0.00019442108896328136,
        0.00010934498641290702,
        0.00010401325198472477,
        0.000999462848994881,
        0.0005945824377704412,
        0.0003875592374242842,
        0.0001427534662070684,
        0.00010246481542708352,
        5.754988160333596e-05,
        7.913579611340538e-05,
        6.779143586754799e-05,
        0.0001604033968760632,
        5.55574461031938e-05,
        0.0003604103985708207,
        0.0004453321307664737,
        0.00011167772754561156,
        7.660590927116573e-05,
        5.050373511039652e-05,
        7.564127736259252e-05,
        9.311427129432559e-05,
        0.000359289362677373,
        0.0001240588171640411,
        9.349524771096185e-05,
        4.5956716348882765e-05,
        3.82682937924983e-05,
        0.00010382321124779992,
        0.00020496891374932602,
        0.00011812800221377984,
        7.861022095312364e-05,
        6.288803706411272e-05,
        5.902840166527312e-05,
        6.811479397583753e-05,
        4.258547960489523e-05,
        3.224740612495225e-05,
        3.170732634316664e-05,
        3.6002589695272036e-05,
        0.00010602702241158113,
        2.5588195967429783e-05,
        9.137520828517154e-05,
        3.914480112143792e-05,
        5.151923687662929e-05,
        2.630806375236716e-05,
        2.193011732742889e-05,
        1.997687650145963e-05,
        2.2193870790943038e-05,
        0.0004596986254910007,
        0.0008265699725598097,
        0.0005104359879624099,
        0.0002972889633383602,
        0.00014761390775674954,
        9.099699673242867e-05,
        6.286156713031232e-05,
        4.3069330786238424e-05,
        3.5649278288474306e-05,
        3.228654895792715e-05,
        3.0367998078872915e-05,
        3.018116876774002e-05,
        2.969073102576658e-05,
        2.9370714401011355e-05,
        2.9105817702657077e-05,
        2.8865800231869798e-05,
        2.8677583031821996e-05,
        2.84591542367707e-05,
        2.825529736583121e-05,
        2.8039493372489233e-05,
        2.7856326596520375e-05,
        2.7838493224408012e-05,
        2.78091447398765e-05,
        2.7779727133747656e-05,
        2.775183747871779e-05,
        2.7735080948332325e-05,
        2.7707508706953377e-05,
        2.7684900487656705e-05,
        2.7658250473905355e-05,
        2.7629996111500077e-05,
        2.7603191483649425e-05,
        2.758306345640449e-05,
        2.758180289674783e-05,
        2.7577300897974055e-05,
        2.7572848011914175e-05,
        2.7568335099203978e-05,
        2.756740832410287e-05,
        2.7564788979361765e-05,
        2.7561967726796865e-05,
        2.7559125555853825e-05,
        2.7556831810215954e-05,
        2.7554650841921102e-05,
        2.755287459876854e-05,
        2.7552702704269905e-05,
        2.7552511710382532e-05,
        2.7552329811442178e-05,
        2.755212517513428e-05,
        2.7551895982469432e-05
    ]
}