{
    "start_datetime": "2025-06-16 16:07:39",
    "training_duration_minutes": 19.468227859338125,
    "model_parameters": 618113,
    "system_specs": {
        "platform": "Linux-6.1.123+-x86_64-with-glibc2.35",
        "python_version": "3.11.13",
        "torch_version": "2.5.1+cu124",
        "cuda_available": true,
        "cuda_version": "12.4",
        "gpu_count": 1,
        "primary_gpu_name": "NVIDIA L4",
        "gpu_details": {
            "gpu_0": {
                "name": "NVIDIA L4",
                "memory_total_gb": 22.16,
                "compute_capability": "8.9",
                "multi_processor_count": 58
            }
        },
        "cpu_count_logical": 12,
        "cpu_count_physical": 6,
        "memory_total_gb": 52.96
    },
    "simulation_time": 650,
    "dt": 10,
    "n_train": 1000,
    "n_val": 200,
    "n_test": 20,
    "input_channels": 6,
    "sequence_length": 66,
    "epochs": 1000,
    "hidden_dims": [
        128
    ],
    "kernel_size": [
        [
            3,
            3
        ]
    ],
    "scheduled_sampling": {
        "p0": 1.0,
        "p_min": 0.0,
        "decay_epochs": 200
    },
    "batch_size": 16,
    "lr": 1.0000000000000004e-08,
    "scheduler": {
        "type": "ReduceLROnPlateau",
        "factor": 0.1,
        "patience": 10,
        "final_lr": 1.0000000000000004e-08
    },
    "early_stop_patience": 50,
    "epochs_trained": 146,
    "best_val_loss": 0.00033696329158444243,
    "train_loss": [
        0.1920042565713326,
        0.0188985298284226,
        0.010079686633414693,
        0.005890011698717163,
        0.003455087291224608,
        0.0025809587844248328,
        0.0021949370247533635,
        0.001998805869666357,
        0.0018388112038669605,
        0.0017131962868872854,
        0.0015831230289583642,
        0.001564394089482015,
        0.0014065562133928613,
        0.0012521695766952775,
        0.0011532274703125631,
        0.0010674365154940575,
        0.0009714427315408276,
        0.000944376086986195,
        0.0014373841677008876,
        0.0008537303351442374,
        0.0007169587299272063,
        0.0006538842128412355,
        0.0005980560931170152,
        0.0005520692747455858,
        0.0005068134799200509,
        0.00046717165692132854,
        0.00048326580814780695,
        0.0004716168203028954,
        0.00039162569391053346,
        0.00034410710583278347,
        0.0003119362933960344,
        0.0003218820202164352,
        0.00037734717221206263,
        0.00032090247860030525,
        0.0002424578138050579,
        0.00020554970921246365,
        0.00018272069786372225,
        0.0001829801204000851,
        0.0001609405234274972,
        0.00014299456545683955,
        0.0001606818328755686,
        0.00023265624795818613,
        0.00019222142619250844,
        0.00019074716646361002,
        8.83540430102527e-05,
        9.766229396475301e-05,
        6.79051351783398e-05,
        9.410542019944091e-05,
        0.00022283418111905957,
        0.00010097296416504486,
        0.0001673229595499357,
        0.0003284749639403474,
        5.8675712352851406e-05,
        7.396123645963916e-05,
        8.89532677810787e-05,
        0.00010287136567981973,
        9.10401330555841e-05,
        7.957976800204802e-05,
        6.863409679869027e-05,
        0.00010509332469877018,
        0.0003186839048072533,
        0.00013345882989741523,
        9.29976852762232e-05,
        0.0002613100022288217,
        0.0002265052779197475,
        2.3554613209044975e-05,
        2.1775155093766647e-05,
        2.1036360536411862e-05,
        2.0640539029651943e-05,
        2.044453729121458e-05,
        2.023818255804058e-05,
        1.99908949330815e-05,
        1.9916991905553178e-05,
        1.9794773863164695e-05,
        1.963768053905196e-05,
        1.9405440633861526e-05,
        1.93987185440843e-05,
        1.930108856103043e-05,
        1.9225384156535646e-05,
        1.9156722850138542e-05,
        1.8955330089074632e-05,
        1.8854909545292946e-05,
        1.8924229123744195e-05,
        1.8841157783292204e-05,
        1.8672703556639756e-05,
        1.8634555118975216e-05,
        1.8472409782776914e-05,
        1.8549081759706567e-05,
        1.8366531000379287e-05,
        1.8636556296047593e-05,
        1.844685360242332e-05,
        1.8275379896670254e-05,
        1.826632326392139e-05,
        1.805782199332339e-05,
        1.7910429556246123e-05,
        1.801959975666019e-05,
        1.810474220422163e-05,
        1.8134630509949704e-05,
        1.868204356195213e-05,
        1.895033768498309e-05,
        2.0873226290744255e-05,
        2.652140017109184e-05,
        4.916847914472104e-05,
        0.00010295591005521442,
        0.0001440340050658773,
        0.00012437715786435302,
        9.341532073911308e-05,
        6.720319490543463e-05,
        3.0614695355152e-05,
        2.137955460865568e-05,
        2.1111275153031336e-05,
        2.1103470591321913e-05,
        2.1146398279280033e-05,
        2.1176953923136424e-05,
        2.1187360534751195e-05,
        2.122421155656902e-05,
        2.1322251360822795e-05,
        2.1441929790839028e-05,
        2.15126293326085e-05,
        2.1532261569749577e-05,
        2.161972236261511e-05,
        2.1934940984162193e-05,
        2.2211934813799057e-05,
        2.2462253510307093e-05,
        2.2705617806105506e-05,
        2.291646088119633e-05,
        2.3151305434848402e-05,
        2.3416123440256342e-05,
        2.3721912305244054e-05,
        2.3971964765223674e-05,
        2.4131599852735812e-05,
        2.4582287594620583e-05,
        2.4849981970859632e-05,
        2.519808973981223e-05,
        2.5580675471232213e-05,
        2.592283309486303e-05,
        2.6232241142433996e-05,
        2.6724655028720873e-05,
        2.7033949894728952e-05,
        2.7411442224836227e-05,
        2.780441539630013e-05,
        2.8190444128186857e-05,
        2.8521234107468027e-05,
        2.91086091728796e-05,
        2.943145634725668e-05,
        3.0018613422668302e-05
    ],