{
    "start_datetime": "2025-05-26 15:15:37",
    "training_duration_minutes": 0.19767889579137166,
    "system_specs": null,
    "hidden_dims": [
        64,
        64
    ],
    "kernel_size": [
        3,
        3
    ],
    "batch_size": 128,
    "lr": 0.01,
    "scheduler": {
        "type": "ReduceLROnPlateau",
        "factor": 0.1,
        "patience": 10,
        "final_lr": 0.01
    },
    "early_stop_patience": 50,
    "epochs_trained": 231,
    "best_val_loss": 0.0008951390627771616,
    "train_loss": [
        0.00024262061924673617,
        0.7239817976951599,
        0.733394980430603,
        0.07926050573587418,
        0.02843451499938965,
        0.11100172996520996,
        0.09109419584274292,
        0.07082079350948334,
        0.058674827218055725,
        0.052861012518405914,
        0.049087923020124435,
        0.04465293884277344,
        0.03651655465364456,
        0.02740142121911049,
        0.018665673211216927,
        0.017313998192548752,
        0.0154082290828228,
        0.015134680084884167,
        0.013816442340612411,
        0.012111766263842583,
        0.010651752352714539,
        0.009250860661268234,
        0.008010818623006344,
        0.006984204053878784,
        0.006288410630077124,
        0.0059751844964921474,
        0.005829501897096634,
        0.0056669507175683975,
        0.0054284981451928616,
        0.004928146954625845,
        0.004189395345747471,
        0.0036228669341653585,
        0.00326296198181808,
        0.0030543075408786535,
        0.0029458212666213512,
        0.002834900049492717,
        0.0026921462267637253,
        0.00247959909029305,
        0.002199379727244377,
        0.001962160225957632,
        0.0018717332277446985,
        0.0017943778075277805,
        0.0017430203733965755,
        0.001688346266746521,
        0.0016120022628456354,
        0.0015061469748616219,
        0.0014221153687685728,
        0.0013531085569411516,
        0.0012836083769798279,
        0.0012365335132926702,
        0.001206643762998283,
        0.0011754913721233606,
        0.0011241736356168985,
        0.0010652446653693914,
        0.0010136035270988941,
        0.0009728196891956031,
        0.0009389714105054736,
        0.0009062622557394207,
        0.000879226136021316,
        0.0008556059328839183,
        0.0008209596271626651,
        0.0007817455334588885,
        0.000748195219784975,
        0.0007247753674164414,
        0.0007058521150611341,
        0.0006861180299893022,
        0.0006664480897597969,
        0.0006452780799008906,
        0.0006230919389054179,
        0.0006023531313985586,
        0.0005839999648742378,
        0.0005693351849913597,
        0.0005545802414417267,
        0.0005400048103183508,
        0.0005248661036603153,
        0.0005100204143673182,
        0.0004972345777787268,
        0.00048476667143404484,
        0.00047328107757493854,
        0.0004614324716385454,
        0.0004514582396950573,
        0.00044060760410502553,
        0.0004299965803511441,
        0.00041880548815242946,
        0.0004095958429388702,
        0.0003999736800324172,
        0.0003912217798642814,
        0.00038220881833694875,
        0.0003744394634850323,
        0.0003668219724204391,
        0.0003591575659811497,
        0.00035108323208987713,
        0.0003437338746152818,
        0.0003353102074470371,
        0.00032872005249373615,
        0.00032148469472303987,
        0.00031528191175311804,
        0.0003082380280829966,
        0.0003020656877197325,
        0.0002957281831186265,
        0.00028925767401233315,
        0.00028421328170225024,
        0.00027828256133943796,
        0.0002720336487982422,
        0.00026827523834072053,
        0.00026276209973730147,
        0.00025640573585405946,
        0.0002524710725992918,
        0.000249172531766817,
        0.0002419892989564687,
        0.0002403451653663069,
        0.0002403014077572152,
        0.00022889641695655882,
        0.0002302916836924851,
        0.00022599651128984988,
        0.00021579020540229976,
        0.00021860969718545675,
        0.00021749187726527452,
        0.0002077351527987048,
        0.00020932474581059068,
        0.00019927980611100793,
        0.00019757330301217735,
        0.00019930378766730428,
        0.00019308288756292313,
        0.00018755911150947213,
        0.00018819635442923754,
        0.0001801394682843238,
        0.00017851233133114874,
        0.00017943527200259268,
        0.00017511332407593727,
        0.00016913417493924499,
        0.0001681177964201197,
        0.00016489798144903034,
        0.0001603869313839823,
        0.000159556046128273,
        0.00015817242092452943,
        0.0001528655702713877,
        0.00015129998791962862,
        0.00014965237642172724,
        0.00014601442671846598,
        0.00014346912212204188,
        0.0001414341968484223,
        0.00013974346802569926,
        0.00013711309293285012,
        0.000134060945129022,
        0.000132911533000879,
        0.0001313081302214414,
        0.00012864050222560763,
        0.0001267984334845096,
        0.00012472244270611554,
        0.00012333551421761513,
        0.00012240487558301538,
        0.00012029663048451766,
        0.00011860924860229716,
        0.00011663469922496006,
        0.00011459254892542958,
        0.00011264700151514262,
        0.00011189584620296955,
        0.00011113280197605491,
        0.00011046297731809318,
        0.00010864281648537144,
        0.00010566040873527527,
        0.0001037295296555385,
        0.00010234283399768174,
        0.00010198273230344057,
        0.00010241579002467915,
        0.00010364533954998478,
        0.00010802040924318135,
        0.00011055375216528773,
        0.0001174632488982752,
        0.00010593936895020306,
        9.464642789680511e-05,
        9.311856410931796e-05,
        0.00010135778575204313,
        0.00011145325697725639,
        0.00010516915790503845,
        9.43110790103674e-05,
        8.683196938363835e-05,
        9.090668754652143e-05,
        0.0001004281803034246,
        0.00010027177631855011,
        9.483549365540966e-05,
        8.336444443557411e-05,
        8.378267375519499e-05,
        8.99081933312118e-05,
        8.670182432979345e-05,
        7.965804979903623e-05,
        7.684549200348556e-05,
        8.157955016940832e-05,
        8.436742791673169e-05,
        7.836254371795803e-05,
        7.309344073291868e-05,
        7.445798837579787e-05,
        7.776001439196989e-05,
        8.10727578937076e-05,
        7.610161992488429e-05,
        7.135341002140194e-05,
        6.796050729462877e-05,
        6.893296813359484e-05,
        7.200853724498302e-05,
        7.563261169707403e-05,
        7.516019104514271e-05,
        6.955439312150702e-05,
        6.412454240489751e-05,
        6.458275311160833e-05,
        6.809589103795588e-05,
        7.255828677443787e-05,
        7.043052755761892e-05,
        6.720478995703161e-05,
        6.270963058341295e-05,
        5.984189556329511e-05,
        5.869249798706733e-05,
        6.086681969463825e-05,
        6.414310337277129e-05,
        6.723796104779467e-05,
        6.941553147044033e-05,
        6.724171544192359e-05,
        6.35292090009898e-05,
        5.8298515796195716e-05,
        5.45192597201094e-05,
        5.381819210015237e-05,
        5.535145101021044e-05,
        5.8274963521398604e-05,
        6.0089205362601206e-05,
        6.209698040038347e-05,
        6.0537917306646705e-05,
        5.7785720855463296e-05,
        5.345845056581311e-05,
        5.0250309868715703e-05,
        4.8988960770657286e-05,
        4.928150156047195e-05
    ],