{
    "start_datetime": "2025-05-28 12:51:28",
    "training_duration_minutes": 1.3672130266825357,
    "system_specs": null,
    "hidden_dims": [
        64,
        64
    ],
    "kernel_size": [
        3,
        3
    ],
    "batch_size": 128,
    "early_stop_patience": 50,
    "epochs_trained": 5,
    "best_val_loss": 0.7338148951530457,
    "lr": 0.01,
    "scheduler": {
        "type": "ReduceLROnPlateau",
        "factor": 0.1,
        "patience": 10,
        "final_lr": 0.01
    },
    "loss_weights": {
        "mse": 1.0,
        "physics": 0.001,
        "boundary": 0.001
    },
    "losses": {
        "train": {
            "total": [
                0.7531471252441406,
                2.6376640796661377,
                2.6376640796661377,
                2.6376640796661377,
                0.8761806488037109
            ],
            "mse": [
                0.6395296454429626,
                2.5421242713928223,
                2.5421242713928223,
                2.5421242713928223,
                0.7629162073135376
            ],
            "physics": [
                0.31784355640411377,
                1.5344581604003906,
                1.5344581604003906,
                1.5344582796096802,
                0.36489084362983704
            ],
            "boundary": [
                113.29959106445312,
                94.00527954101562,
                94.0052719116211,
                94.00527954101562,
                112.89956665039062
            ]
        },
        "val": {
            "total": [
                2.0991547107696533,
                2.0991547107696533,
                2.0991547107696533,
                0.8774133920669556,
                0.7338148951530457
            ],
            "mse": [
                2.0016543865203857,
                2.0016543865203857,
                2.0016543865203857,
                0.7678615152835846,
                0.629336953163147
            ],
            "physics": [
                1.0392430424690247,
                1.0392430424690247,
                1.0392430424690247,
                0.3455427438020706,
                0.27875663340091705
            ],
            "boundary": [
                96.46094512939453,
                96.46094512939453,
                96.46094512939453,
                109.2063217163086,
                104.19918823242188
            ]
        }
    }
}