{
    "start_datetime": "2025-06-11 11:32:45",
    "training_duration_minutes": 195.7224581162135,
    "model_parameters": 456769,
    "system_specs": null,
    "simulation_time": 650,
    "dt": 1,
    "n_train": 1000,
    "n_val": 200,
    "n_test": 20,
    "input_channels": 6,
    "sequence_length": 651,
    "epochs": 1000,
    "hidden_dims": [
        64,
        64
    ],
    "kernel_size": [
        3,
        3
    ],
    "scheduled_sampling": {
        "p0": 1.0,
        "p_min": 0.0,
        "decay_epochs": 200
    },
    "batch_size": 16,
    "epochs_trained": 55,
    "best_val_loss": 70.63833236694336,
    "lr": 1.0000000000000002e-06,
    "scheduler": {
        "type": "ReduceLROnPlateau",
        "factor": 0.1,
        "patience": 10,
        "final_lr": 1.0000000000000002e-06,
        "early_stop_patience": 50
    },
    "loss_weights": {
        "mse": 1.0,
        "physics": 10.0,
        "boundary": 0.1
    },
    "losses": {
        "train": {
            "total": [
                75.13037999471028,
                104.68710411919488,
                184.08489421057322,
                83.04659525553386,
                126.71224569895911,
                77.46762545146639,
                98.39800117129371,
                112.22681209019252,
                132.08579532683842,
                87.15050179617745,
                86.38238489060174,
                86.53280215793185,
                86.54845089382596,
                86.57063366117931,
                86.5167229062035,
                86.7201159038241,
                86.69858127170139,
                86.43397158668155,
                86.81079283214751,
                86.58614397805835,
                86.54454609704396,
                86.68938373384022,
                86.5159186711387,
                86.67245035322885,
                86.442625257704,
                86.64338780963232,
                86.64219096350291,
                86.61361912318638,
                86.48009684729197,
                86.52060784233942,
                86.6021236843533,
                86.52726866706969,
                86.44507623097253,
                86.84119596935454,
                86.701661125062,
                86.61317189534505,
                86.61588299463666,
                86.7651099553184,
                86.45188467843192,
                86.5574941483755,
                86.49130358014789,
                86.87592678978329,
                86.38636598132905,
                86.80319007994636,
                86.7844968523298,
                86.51896267845517,
                86.53304629855685,
                86.6597160460457,
                86.65050155397445,
                86.75904131692553,
                86.68169948032924,
                86.63720460921999,
                86.70067874968998,
                86.80997309609064,
                86.64035542805989
            ],
            "mse": [
                1.2270688783554804,
                2.311717708905538,
                4.191960387759739,
                1.6296290726888747,
                2.8723728562158253,
                1.3447919100049943,
                2.214373376634386,
                2.557071227875967,
                2.999051780927749,
                1.7054030270803542,
                1.6830841529937017,
                1.6863310223533994,
                1.6844500454645308,
                1.6849550652125524,
                1.6844172023591542,
                1.6894055188648285,
                1.6868452817674666,
                1.6832841956426228,
                1.6872507031001742,
                1.6830441686842177,
                1.684192142789326,
                1.6859042947254483,
                1.684015366766188,
                1.685574103915502,
                1.6825034353468153,
                1.6849705832345145,
                1.6854505255108787,
                1.6861280638074119,
                1.6855601375065152,
                1.681690526387048,
                1.6842625765573411,
                1.6841181895089528,
                1.6825668584732782,
                1.6903079029113528,
                1.6858267481364901,
                1.6875245817123898,
                1.6862489723023915,
                1.687448679454743,
                1.6834038609550113,
                1.6843718517394293,
                1.6835113366444905,
                1.6918669655209495,
                1.6809999072362507,
                1.687467100128295,
                1.689498642134288,
                1.6840628953207106,
                1.6793694779986428,
                1.6864256083019196,
                1.684215403738476,
                1.6873461462202526,
                1.687651346600245,
                1.6862210886819022,
                1.6848450766669378,
                1.6893557915611872,
                1.6840919085911341
            ],
            "physics": [
                3.769226971126738,
                7.621783627404107,
                15.437169408041333,
                5.198661959360516,
                10.193416515986124,
                4.186802156387814,
                7.394748256320045,
                8.873486602117145,
                10.377558163234166,
                5.498141992659796,
                5.414559099409315,
                5.4316347894214445,
                5.433408071124364,
                5.424029622759138,
                5.422182166387165,
                5.450181923215351,
                5.434845439971439,
                5.4221385849846735,
                5.44458229958065,
                5.4285249331640815,
                5.417840590552678,
                5.437966789518084,
                5.422732671101888,
                5.438879879694136,
                5.421765444770692,
                5.433296714510236,
                5.437822883091275,
                5.434128329867408,
                5.421090466635568,
                5.423760853116474,
                5.43343923205421,
                5.423227665916322,
                5.415406287662567,
                5.451925474499899,
                5.43792145971268,
                5.4302306780739436,
                5.431761904368325,
                5.443958721463642,
                5.4148530051821755,
                5.42440418591575,
                5.421393890229482,
                5.460972827578348,
                5.416459488490271,
                5.449890102658953,
                5.445065244795784,
                5.4261903422219415,
                5.415491777753073,
                5.4368969940003895,
                5.431825929217869,
                5.444365898768107,
                5.439186731974284,
                5.434475940371317,
                5.430597214471726,
                5.452715003301227,
                5.4355052842034235
            ],