{
    "start_datetime": "2025-06-25 08:15:15",
    "training_duration_minutes": 1.152056082089742,
    "model_parameters": 456769,
    "system_specs": {
        "platform": "Windows-10-10.0.19041-SP0",
        "python_version": "3.9.21",
        "torch_version": "2.5.1",
        "cuda_available": true,
        "cuda_version": "11.8",
        "gpu_count": 1,
        "primary_gpu_name": "NVIDIA GeForce GTX 1050",
        "gpu_details": {
            "gpu_0": {
                "name": "NVIDIA GeForce GTX 1050",
                "memory_total_gb": 2.0,
                "compute_capability": "6.1",
                "multi_processor_count": 5
            }
        },
        "cpu_count_logical": 6,
        "cpu_count_physical": 6,
        "memory_total_gb": 15.92
    },
    "simulation_time": 650,
    "dt": 10,
    "n_train": 10,
    "n_val": 2,
    "n_test": 0,
    "input_channels": 6,
    "sequence_length": 66,
    "epochs": 1000,
    "hidden_dims": [
        64,
        64
    ],
    "kernel_size": [
        [
            3,
            3
        ],
        [
            3,
            3
        ]
    ],
    "scheduled_sampling": {
        "p0": 1.0,
        "p_min": 0.0,
        "decay_epochs": 200
    },
    "batch_size": 64,
    "lr": 1.0000000000000004e-08,
    "scheduler": {
        "type": "ReduceLROnPlateau",
        "factor": 0.1,
        "patience": 10,
        "final_lr": 1.0000000000000004e-08
    },
    "early_stop_patience": 100,
    "epochs_trained": 216,
    "best_val_loss": 0.3694848120212555,
    "train_loss": [
        1.313068151473999,
        2.207223415374756,
        2.2091798782348633,
        2.2108969688415527,
        2.062270164489746,
        1.0342236757278442,
        0.5879296660423279,
        0.6350187063217163,
        0.45291632413864136,
        0.3961877226829529,
        0.44539734721183777,
        0.3731440305709839,
        0.3184869587421417,
        0.26048582792282104,
        0.2284957766532898,
        0.19076679646968842,
        0.1643635630607605,
        0.1492963433265686,
        0.14467410743236542,
        0.13146163523197174,
        0.11777802556753159,
        0.1155674159526825,
        0.11323641985654831,
        0.10961037874221802,
        0.1059768944978714,
        0.1016496866941452,
        0.09819959849119186,
        0.0944729819893837,
        0.09172901511192322,
        0.09009087830781937,
        0.088462233543396,
        0.08634849637746811,
        0.08608724176883698,
        0.08636143803596497,
        0.08643113076686859,
        0.08593548834323883,
        0.0857434794306755,
        0.0853329598903656,
        0.08531254529953003,
        0.08445946872234344,
        0.08450443297624588,
        0.0846114233136177,
        0.08448272943496704,
        0.08427911251783371,
        0.08442048728466034,
        0.08438698202371597,
        0.08482157438993454,
        0.08489680290222168,
        0.08454696089029312,
        0.08484876900911331,
        0.08502883464097977,
        0.08494675159454346,
        0.08518588542938232,
        0.08523643761873245,
        0.08515260368585587,
        0.08543156087398529,
        0.08576175570487976,
        0.08562107384204865,
        0.08583837747573853,
        0.08625074476003647,
        0.08608660846948624,
        0.08599220216274261,
        0.08661249279975891,
        0.08606095612049103,
        0.08661933988332748,
        0.08692984282970428,
        0.08685368299484253,
        0.086915522813797,
        0.08741410076618195,
        0.08758094161748886,
        0.08774479478597641,
        0.08802390843629837,
        0.088034488260746,
        0.088407501578331,
        0.08862868696451187,
        0.08890271186828613,
        0.0885537639260292,
        0.08920522034168243,
        0.08979690074920654,
        0.08872823417186737,
        0.08904244750738144,
        0.08973187208175659,
        0.08990214020013809,
        0.09077760577201843,
        0.09045463800430298,
        0.09095755219459534,
        0.09024590253829956,
        0.0904107466340065,
        0.09146774560213089,
        0.09090252220630646,
        0.09167764335870743,
        0.09170176833868027,
        0.09170064330101013,
        0.09264803677797318,
        0.09207136183977127,
        0.0922401025891304,
        0.09349652379751205,
        0.09341417253017426,
        0.09319714456796646,
        0.09434466809034348,
        0.09361722320318222,
        0.09403674304485321,
        0.09416966885328293,
        0.09508556872606277,
        0.09488902240991592,
        0.09486930072307587,
        0.09530573338270187,
        0.09714706242084503,
        0.7134976983070374,
        0.8656085133552551,
        0.865029513835907,
        1.0637441873550415,
        0.8135015368461609,
        0.7714605927467346,
        0.7620397806167603,
        0.6887157559394836,
        0.6825652718544006,
        0.6807553172111511,
        0.7117637991905212,
        0.6828219890594482,
        0.6104563474655151,
        0.6027780771255493,
        0.639159619808197,
        0.590377688407898,
        0.5711883306503296,
        0.5645141005516052,
        0.5978311896324158,
        0.5226284861564636,
        0.46370744705200195,
        0.4631391763687134,
        0.45447805523872375,
        0.4548877775669098,
        0.4432218670845032,
        0.4334556758403778,
        0.4296598732471466,
        0.41770634055137634,
        0.4188413918018341,
        0.4155848026275635,
        0.41910937428474426,
        0.41132205724716187,
        0.4135793149471283,
        0.41293883323669434,
        0.4123946726322174,
        0.4092389643192291,
        0.40503719449043274,
        0.40737706422805786,
        0.4117943346500397,
        0.40429380536079407,
        0.4041462242603302,
        0.4029056429862976,
        0.3963308036327362,
        0.3984943628311157,
        0.4021294414997101,
        0.40508782863616943,
        0.3976235091686249,
        0.4023490846157074,
        0.40002521872520447,
        0.39855483174324036,
        0.4029572606086731,
        0.4052247107028961,
        0.407578706741333,
        0.40457698702812195,
        0.4050045311450958,
        0.40952590107917786,
        0.4095021188259125,
        0.4046330153942108,
        0.4062991738319397,
        0.4044102728366852,
        0.41328874230384827,
        0.4047988951206207,
        0.41278523206710815,
        0.4126388728618622,
        0.413607120513916,
        0.41714268922805786,
        0.41438785195350647,
        0.41530853509902954,
        0.41703155636787415,
        0.4255734980106354,
        0.41648057103157043,
        0.41741323471069336,
        0.4134054481983185,
        0.4221867024898529,
        0.4270471930503845,
        0.42310041189193726,
        0.42653021216392517,
        0.42676588892936707,
        0.41931405663490295,
        0.4288098216056824,
        0.43118569254875183,
        0.4337884187698364,
        0.4281400442123413,
        0.4309290945529938,
        0.43117767572402954,
        0.4342411160469055,
        0.4369625449180603,
        0.4357506036758423,
        0.4366486966609955,
        0.4424371123313904,
        0.4373949468135834,
        0.4357869625091553,
        0.43812066316604614,
        0.43806928396224976,
        0.4381168782711029,
        0.43814966082572937,
        0.43818849325180054,
        0.4382154941558838,
        0.4380451738834381,
        0.43848323822021484,
        0.43811818957328796,
        0.4383861720561981,
        0.43821772933006287,
        0.43808040022850037,
        0.43825483322143555,
        0.43809205293655396,
        0.4380887746810913,
        0.4380842447280884
    ],