{
    "start_datetime": "2025-06-10 18:49:26",
    "training_duration_minutes": 19.96060827175776,
    "model_parameters": 456769,
    "system_specs": null,
    "simulation_time": 650,
    "dt": 20,
    "n_train": 1000,
    "n_val": 200,
    "n_test": 20,
    "input_channels": 6,
    "sequence_length": 33,
    "epochs": 1000,
    "hidden_dims": [
        64,
        64
    ],
    "kernel_size": [
        3,
        3
    ],
    "scheduled_sampling": {
        "p0": 1.0,
        "p_min": 0.0,
        "decay_epochs": 200
    },
    "batch_size": 16,
    "lr": 1.0000000000000002e-07,
    "scheduler": {
        "type": "ReduceLROnPlateau",
        "factor": 0.1,
        "patience": 10,
        "final_lr": 1.0000000000000002e-07
    },
    "early_stop_patience": 50,
    "epochs_trained": 95,
    "best_val_loss": 0.0005401712461697081,
    "train_loss": [
        0.19409110105877359,
        0.006347069246990103,
        0.0026086585500114967,
        0.001270371546510548,
        0.0009843222510498312,
        0.002146091066404349,
        0.0005588933057706093,
        0.0006346149369612306,
        0.00041689390421933715,
        0.0007458736321755818,
        0.0003508610261922022,
        0.0009820207261428651,
        0.0008119885534388087,
        0.00013589857368811315,
        0.0001899597184438746,
        0.007299140587704079,
        0.002063902057541002,
        0.0003621424220332373,
        0.0001980399253033471,
        0.00013722927207478308,
        0.00021198734346341105,
        0.0006281479524211988,
        0.00012325358300817213,
        0.00019124691543910313,
        0.00021290331561532285,
        6.102654047676229e-05,
        5.0464961070304973e-05,
        4.967703098950479e-05,
        4.888931098754429e-05,
        4.833330401904984e-05,
        4.762702135647285e-05,
        4.68239481600153e-05,
        4.6150684948005375e-05,
        4.557244395232013e-05,
        4.5011808493106244e-05,
        4.478111654789823e-05,
        4.589134588304515e-05,
        4.297438179145545e-05,
        4.220480895171585e-05,
        4.24605749729034e-05,
        4.079858476798686e-05,
        4.036389775195395e-05,
        3.952451331156587e-05,
        3.9029960351486114e-05,
        3.831665231873991e-05,
        3.789361116581685e-05,
        3.7052453210760306e-05,
        3.6550632261972325e-05,
        3.600974816926903e-05,
        3.5405710323608395e-05,
        3.661374412042769e-05,
        5.02781404932085e-05,
        7.748297595378337e-05,
        0.00014364000728366792,
        0.00011394249321754268,
        0.00021352799237883162,
        0.00034193619822395877,
        0.00012417874492553344,
        5.858277654624544e-05,
        5.4376705405062124e-05,
        5.18475100675243e-05,
        4.973250739451956e-05,
        4.793008621264663e-05,
        4.66028655027335e-05,
        4.534148094881814e-05,
        4.429281386639184e-05,
        4.339803334525121e-05,
        4.253234250687196e-05,
        4.2134616749189304e-05,
        4.221875430616025e-05,
        4.232792057986704e-05,
        4.2468792589571666e-05,
        4.248308690125307e-05,
        4.25903977191497e-05,
        4.271343049555389e-05,
        4.2743596182729575e-05,
        4.275916162152989e-05,
        4.303587570214563e-05,
        4.295889355864982e-05,
        4.316404186875655e-05,
        4.3308957924997984e-05,
        4.360757292676089e-05,
        4.378855145847728e-05,
        4.412348778079456e-05,
        4.42975141350106e-05,
        4.4435719823850954e-05,
        4.4643271683035274e-05,
        4.482172459127411e-05,
        4.4998142772191576e-05,
        4.539868071636496e-05,
        4.54974517832318e-05,
        4.5746781873435434e-05,
        4.594085123879643e-05,
        4.609078291289893e-05,
        4.666180624524944e-05
    ],
    "val_loss": [
        0.26562589406967163,
        0.1126938657118724,
        0.06411604439983001,
        0.01772024747557365,
        0.1543563994077536,
        0.1281516867188307,
        0.06491017198333374,
        0.014167710565603696,
        1.3027920356163611,
        0.04660225774233158,
        0.05817805230617523,
        0.3978054076433182,
        0.008120303239243535,
        0.002202387755879989,
        0.0542853232473135,
        3.132280808228713,
        0.3399272904946254,
        0.007570656303029794,
        0.004556902594721088,
        0.008608988772791166,
        0.22940363104526812,
        0.08884652990561265,
        0.11137815220997883,
        0.03719429141626908,
        0.05007875237900477,
        0.0009453674026120168,
        0.0007617275561922445,
        0.0008255563779340053,
        0.0007625798708221947,
        0.0008725518866692885,
        0.0006766112995907092,
        0.0006863081250160646,
        0.0006464158225123986,
        0.0007044544036034495,
        0.0006393025150128568,
        0.0006753049047592168,
        0.0006025372243199784,
        0.0009058454217245945,
        0.0006884372985671059,
        0.0005835847248538182,
        0.0009665766310018415,
        0.000614503364956293,
        0.000754167612355489,
        0.0010507168570676674,
        0.0005941563644088232,
        0.0005401712461697081,
        0.000540990469744429,
        0.0005628810680578821,
        0.0006130102712911769,
        0.0005775449434832598,
        0.0009194172654623309,
        0.001519722998357163,
        0.005474693947829879,
        0.007054142027090375,
        0.00427515353434361,
        0.007524980017198966,
        0.014384558639274193,
        0.0012909653999556142,
        0.0012251188163645566,
        0.0008275341645527917,
        0.0007993413914496509,
        0.0009370219329586969,
        0.00075740130761495,
        0.0007381409746952928,
        0.0006662305453434014,
        0.0006665185702821383,
        0.0005877445756386106,
        0.0007252135725978476,
        0.0007425337949266228,
        0.0006596442791096007,
        0.0006867907493590162,
        0.000629471238845816,
        0.0006694626734735301,
        0.0007237724673289519,
        0.0006989095395860764,
        0.0006501273399827859,
        0.0006028830337947091,
        0.0006154806872543234,
        0.0006542817617838199,
        0.0006497806484381167,
        0.0006547332606994762,
        0.000663421640638262,
        0.0006607080285903066,
        0.0006728623747431601,
        0.000667747291467654,
        0.0006635232644979483,
        0.0006717418392117207,
        0.0006648917355610487,
        0.0006523754407400981,
        0.0006619010326595834,
        0.0006599256952400678,
        0.0006591440357554418,
        0.0006580507705131402,
        0.0006574782086178088,
        0.0006567783980594518
    ]
}