{
    "start_datetime": "2025-06-17 11:20:56",
    "training_duration_minutes": 1.1649723450342815,
    "model_parameters": 456769,
    "system_specs": {
        "platform": "Linux-6.1.123+-x86_64-with-glibc2.35",
        "python_version": "3.11.13",
        "torch_version": "2.5.1+cu124",
        "cuda_available": true,
        "cuda_version": "12.4",
        "gpu_count": 1,
        "primary_gpu_name": "NVIDIA L4",
        "gpu_details": {
            "gpu_0": {
                "name": "NVIDIA L4",
                "memory_total_gb": 22.16,
                "compute_capability": "8.9",
                "multi_processor_count": 58
            }
        },
        "cpu_count_logical": 12,
        "cpu_count_physical": 6,
        "memory_total_gb": 52.96
    },
    "simulation_time": 650,
    "dt": 100,
    "n_train": 1000,
    "n_val": 200,
    "n_test": 20,
    "input_channels": 6,
    "sequence_length": 7,
    "epochs": 1000,
    "hidden_dims": [
        64,
        64
    ],
    "kernel_size": [
        [
            3,
            3
        ],
        [
            3,
            3
        ]
    ],
    "scheduled_sampling": {
        "p0": 1.0,
        "p_min": 0.0,
        "decay_epochs": 200
    },
    "batch_size": 64,
    "lr": 1.0000000000000004e-08,
    "scheduler": {
        "type": "ReduceLROnPlateau",
        "factor": 0.1,
        "patience": 10,
        "final_lr": 1.0000000000000004e-08
    },
    "early_stop_patience": 100,
    "epochs_trained": 169,
    "best_val_loss": 0.010326623218134046,
    "train_loss": [
        0.7823817664757371,
        0.12365414155647159,
        0.048027910524979234,
        0.026722090784460306,
        0.016950880002696067,
        0.012682939530350268,
        0.009645556099712849,
        0.008919072250137106,
        0.008021342713618651,
        0.006907929404405877,
        0.005781696934718639,
        0.004293324251193553,
        0.004683345803641714,
        0.005134417617227882,
        0.004379931138828397,
        0.00441453569510486,
        0.005388024539570324,
        0.006313318241154775,
        0.0039360532828141,
        0.003190784074831754,
        0.0028461575566325337,
        0.0025579708599252626,
        0.002527490782085806,
        0.002609806091641076,
        0.0027703728555934504,
        0.0031335600215243176,
        0.002810901918564923,
        0.0036592194373952225,
        0.0031576611509080976,
        0.0030142622999846935,
        0.0027073079982073978,
        0.002434365465887822,
        0.0025658727245172486,
        0.0020964159193681553,
        0.002037298385403119,
        0.0019109577769995667,
        0.002021601118030958,
        0.00473217783292057,
        0.010229949664790183,
        0.006524800119223073,
        0.0048503532889299095,
        0.0026925551501335576,
        0.0023113779461709782,
        0.00220809098391328,
        0.002159410920285154,
        0.0021332835603971034,
        0.0021005290836910717,
        0.002069169669994153,
        0.0020475658238865435,
        0.0020406909388839267,
        0.002023898392508272,
        0.001996162493014708,
        0.0019785664553637616,
        0.0019756695910473354,
        0.0019571337033994496,
        0.0019848217198159546,
        0.0019512978396960534,
        0.001914639404276386,
        0.0019136637129122391,
        0.0019004489950020798,
        0.001885149787995033,
        0.0018997063307324424,
        0.0018874066445278004,
        0.0018840101838577539,
        0.001893149092211388,
        0.0018799575482262298,
        0.001922826915688347,
        0.0019382351747481152,
        0.0019160590672981925,
        0.0019901621126336977,
        0.0021001618952141143,
        0.0024595352297183126,
        0.0033531004592077807,
        0.004370060923974961,
        0.006491820036899298,
        0.008096148521872237,
        0.008120927988784388,
        0.006936158752068877,
        0.0053723055752925575,
        0.004031577394925989,
        0.003322565185953863,
        0.002605468383990228,
        0.0022686268930556253,
        0.002273726146086119,
        0.0022318776609608904,
        0.002236515560070984,
        0.0022257886885199696,
        0.0022103131777839735,
        0.002219509864517022,
        0.0022202282125363126,
        0.0022311709690256976,
        0.00223081524745794,
        0.0022301483841147274,
        0.0022358971036737785,
        0.0022591875604121014,
        0.002266987576149404,
        0.002280442939081695,
        0.0022931772255105898,
        0.002292943434440531,
        0.0023163168953033164,
        0.002333245414774865,
        0.0023357943719020113,
        0.002372992967138998,
        0.0023769337130943313,
        0.0024015045928535983,
        0.0024155606515705585,
        0.002445108926622197,
        0.002444513942464255,
        0.0024883509177016094,
        0.002501007227692753,
        0.0025254942011088133,
        0.0025437775475438684,
        0.0025668621237855405,
        0.002578031431767158,
        0.00260346413415391,
        0.0026313513080822304,
        0.002638445788761601,
        0.002670204470632598,
        0.0026819596969289705,
        0.0027193870046176016,
        0.0027613077545538545,
        0.0027934796671615914,
        0.002829822478815913,
        0.0028453475970309228,
        0.002882615299313329,
        0.0029070285527268425,
        0.002930676913820207,
        0.002949737827293575,
        0.003002874494995922,
        0.003031756787095219,
        0.0030585357744712383,
        0.003113521190243773,
        0.003165262605762109,
        0.003204831838957034,
        0.0032132592023117468,
        0.0032696801790734753,
        0.003304164405562915,
        0.0033447209134465083,
        0.003400761852390133,
        0.0034690947213675827,
        0.0035180086124455556,
        0.003540503414114937,
        0.0036096816911594942,
        0.0036628279194701463,
        0.0037139993510209024,
        0.003744073008419946,
        0.0038334127166308463,
        0.0038796008593635634,
        0.003954509855248034,
        0.004014288424514234,
        0.004060055187437683,
        0.004110575202503242,
        0.004197894682874903,
        0.004317298793466762,
        0.004309899595682509,
        0.004457309551071376,
        0.004548544296994805,
        0.004634885699488223,
        0.0047254268429242074,
        0.004768469341797754,
        0.004881337401457131,
        0.00494874722789973,
        0.004995320952730253,
        0.00511464974260889,
        0.005215976503677666,
        0.0053237167303450406,
        0.005487615067977458,
        0.005526582302991301,
        0.005727001262130216
    ],