{
    "start_datetime": "2025-06-22 22:07:07",
    "training_duration_minutes": 2.6288020412127175,
    "model_parameters": 456769,
    "system_specs": {
        "platform": "Linux-6.1.123+-x86_64-with-glibc2.35",
        "python_version": "3.11.13",
        "torch_version": "2.5.1+cu124",
        "cuda_available": true,
        "cuda_version": "12.4",
        "gpu_count": 1,
        "primary_gpu_name": "NVIDIA L4",
        "gpu_details": {
            "gpu_0": {
                "name": "NVIDIA L4",
                "memory_total_gb": 22.16,
                "compute_capability": "8.9",
                "multi_processor_count": 58
            }
        },
        "cpu_count_logical": 12,
        "cpu_count_physical": 6,
        "memory_total_gb": 52.96
    },
    "simulation_time": 50,
    "dt": 1,
    "n_train": 200,
    "n_val": 40,
    "n_test": 4,
    "input_channels": 6,
    "sequence_length": 51,
    "epochs": 1000,
    "hidden_dims": [
        64,
        64
    ],
    "kernel_size": [
        [
            3,
            3
        ],
        [
            3,
            3
        ]
    ],
    "scheduled_sampling": {
        "p0": 1.0,
        "p_min": 0.0,
        "decay_epochs": 200
    },
    "batch_size": 64,
    "lr": 1.0000000000000004e-08,
    "scheduler": {
        "type": "ReduceLROnPlateau",
        "factor": 0.1,
        "patience": 10,
        "final_lr": 1.0000000000000004e-08
    },
    "early_stop_patience": 100,
    "epochs_trained": 237,
    "best_val_loss": 0.029798593372106552,
    "train_loss": [
        1.1304477751255035,
        0.5854732915759087,
        0.26949239522218704,
        0.23268050327897072,
        0.20244398340582848,
        0.18327636644244194,
        0.17720023542642593,
        0.1616707742214203,
        0.1688716523349285,
        0.16339252516627312,
        0.17757365852594376,
        0.16689595207571983,
        0.18615799769759178,
        0.1960722990334034,
        0.17734654620289803,
        0.17255443334579468,
        0.17556266114115715,
        0.14622234553098679,
        0.1665460467338562,
        0.21170354634523392,
        0.18612661212682724,
        0.1819000579416752,
        0.173278346657753,
        0.15671121701598167,
        0.14985649287700653,
        0.13921253010630608,
        0.1396255511790514,
        0.1483145859092474,
        0.1413109265267849,
        0.12546931393444538,
        0.11882133968174458,
        0.15722672082483768,
        0.14616216346621513,
        0.14708837866783142,
        0.13071168586611748,
        0.11596322990953922,
        0.13455641455948353,
        0.1320944894105196,
        0.11762341670691967,
        0.1106505561619997,
        0.10046751983463764,
        0.08986562304198742,
        0.08443242311477661,
        0.075711939483881,
        0.08228079788386822,
        0.07615109533071518,
        0.0688717421144247,
        0.06339384894818068,
        0.06182405352592468,
        0.06328400038182735,
        0.06060623377561569,
        0.06958900019526482,
        0.06454166863113642,
        0.058340477757155895,
        0.05818990804255009,
        0.04905502125620842,
        0.045505788177251816,
        0.04336456023156643,
        0.0417062696069479,
        0.03989504650235176,
        0.03886844124644995,
        0.03683197591453791,
        0.03424318693578243,
        0.035151117481291294,
        0.034578108694404364,
        0.035161569714546204,
        0.059554030187428,
        0.04918630048632622,
        0.050208812579512596,
        0.047267552465200424,
        0.045437414199113846,
        0.04438921809196472,
        0.04151798319071531,
        0.03880229126662016,
        0.03775350656360388,
        0.03598844725638628,
        0.033456243108958006,
        0.033601352013647556,
        0.032453236635774374,
        0.033684319350868464,
        0.032032654620707035,
        0.03515721391886473,
        0.03223518095910549,
        0.030445223674178123,
        0.028820186853408813,
        0.03037817357107997,
        0.030956783797591925,
        0.029277584049850702,
        0.028763814829289913,
        0.029434431344270706,
        0.026488675735890865,
        0.02581420401111245,
        0.04088249756023288,
        0.03803642280399799,
        0.03230105945840478,
        0.03468533651903272,
        0.02906349813565612,
        0.02483669901266694,
        0.024690465535968542,
        0.02264280477538705,
        0.022428257390856743,
        0.02116502169519663,
        0.01977389119565487,
        0.018239631317555904,
        0.018292236607521772,
        0.018269000574946404,
        0.01839445484802127,
        0.018051052931696177,
        0.02159160654991865,
        0.030995320063084364,
        0.02660561678931117,
        0.023481141310185194,
        0.01872535888105631,
        0.018907645717263222,
        0.018161770422011614,
        0.016899477690458298,
        0.015580414328724146,
        0.015167787671089172,
        0.014394515426829457,
        0.015407993458211422,
        0.01626571360975504,
        0.03954632440581918,
        0.0363406864926219,
        0.028055365663021803,
        0.023724050261080265,
        0.020015290938317776,
        0.017092872178182006,
        0.01710005314089358,
        0.01667123124934733,
        0.025242418749257922,
        0.019442901480942965,
        0.016290706349536777,
        0.014001557370647788,
        0.01413742732256651,
        0.013020562939345837,
        0.013310190057381988,
        0.01248521520756185,
        0.012688794173300266,
        0.012500360840931535,
        0.012437884462997317,
        0.012010818114504218,
        0.012364627560600638,
        0.011672243243083358,
        0.011902541387826204,
        0.011730830650776625,
        0.011639778735116124,
        0.011812974698841572,
        0.011784919537603855,
        0.011709271231666207,
        0.011692705564200878,
        0.011948167812079191,
        0.011760556837543845,
        0.011959186987951398,
        0.012153792195022106,
        0.011953045148402452,
        0.012487719301134348,
        0.012506943196058273,
        0.012258627219125628,
        0.012446977896615863,
        0.012330570723861456,
        0.013053135480731726,
        0.012658034218475223,
        0.01259171636775136,
        0.012691175565123558,
        0.012545394012704492,
        0.013211579294875264,
        0.013348215259611607,
        0.013137065339833498,
        0.013285680674016476,
        0.012854068540036678,
        0.013114398112520576,
        0.013414908898994327,
        0.013511192984879017,
        0.013249758165329695,
        0.01354574365541339,
        0.013513666344806552,
        0.013804624555632472,
        0.014193945098668337,
        0.014379505068063736,
        0.014319532550871372,
        0.014396993443369865,
        0.014709702227264643,
        0.014991573058068752,
        0.015090657165274024,
        0.015864945016801357,
        0.015318332938477397,
        0.01541294646449387,
        0.015332304174080491,
        0.016490016132593155,
        0.016586193116381764,
        0.016739266458898783,
        0.016863116063177586,
        0.017769827041774988,
        0.017158938106149435,
        0.01755993766710162,
        0.017358582001179457,
        0.017481966875493526,
        0.018886352889239788,
        0.020973998587578535,
        0.020240886602550745,
        0.018747874069958925,
        0.01871819980442524,
        0.019153793808072805,
        0.01796585926786065,
        0.02057684399187565,
        0.01965158060193062,
        0.019499908667057753,
        0.018932551611214876,
        0.01984882354736328,
        0.01931717060506344,
        0.01978932600468397,
        0.019045319873839617,
        0.020104696974158287,
        0.019064768217504025,
        0.019638506695628166,
        0.020289429929107428,
        0.01933434884995222,
        0.01957153482362628,
        0.0191042460501194,
