{
    "start_datetime": "2025-05-28 10:19:31",
    "training_duration_minutes": 0.6435677488644918,
    "system_specs": null,
    "hidden_dims": [
        64,
        64
    ],
    "kernel_size": [
        3,
        3
    ],
    "batch_size": 128,
    "lr": 0.01,
    "scheduler": {
        "type": "ReduceLROnPlateau",
        "factor": 0.1,
        "patience": 10,
        "final_lr": 0.01
    },
    "early_stop_patience": 50,
    "epochs_trained": 15,
    "best_val_loss": 0.21837569028139114,
    "train_loss": [
        0.7122739553451538,
        0.7123000621795654,
        1.0700647830963135,
        0.719926655292511,
        0.6165536642074585,
        0.5477297902107239,
        0.3402268886566162,
        0.27123740315437317,
        0.2559661865234375,
        0.24324721097946167,
        0.23033905029296875,
        0.22248971462249756,
        0.21717505156993866,
        0.21410226821899414,
        0.21224024891853333
    ],
    "val_loss": [
        0.6892662346363068,
        0.8848392069339752,
        0.6386911869049072,
        0.676700085401535,
        0.5059275776147842,
        0.3290603458881378,
        0.27372032403945923,
        0.26158176362514496,
        0.25045908987522125,
        0.24014300107955933,
        0.23312896490097046,
        0.22815459966659546,
        0.2247893139719963,
        0.22121434658765793,
        0.21837569028139114
    ]
}