{
    "start_datetime": "2025-05-26 15:16:06",
    "training_duration_minutes": 398.98559480110805,
    "system_specs": null,
    "hidden_dims": [
        64,
        64
    ],
    "kernel_size": [
        3,
        3
    ],
    "batch_size": 128,
    "lr": 0.001,
    "scheduler": {
        "type": "ReduceLROnPlateau",
        "factor": 0.1,
        "patience": 10,
        "final_lr": 0.001
    },
    "early_stop_patience": 50,
    "epochs_trained": 103,
    "best_val_loss": 0.00012064176917192526,
    "train_loss": [
        1.3591152156392734,
        0.14633038391669592,
        0.03709276175747315,
        0.013087209081277251,
        0.006510171107947826,
        0.004193642409518361,
        0.0032746189196283617,
        0.003653728422553589,
        0.002651855756994337,
        0.0021535328899820647,
        0.0019000240523989003,
        0.0016652592457830906,
        0.0018107313953805715,
        0.0053337453088412685,
        0.003057330565449471,
        0.0016618821246083826,
        0.0012383376597426832,
        0.001014464059456562,
        0.000882973923580721,
        0.0007897527975728735,
        0.0007171901719023784,
        0.0006510646150369818,
        0.001342363985410581,
        0.0010976147168548778,
        0.0006600811708873758,
        0.0005531914939638227,
        0.00047960040198328596,
        0.0015025938240190346,
        0.007436127935458596,
        0.004177492461167276,
        0.001280276332787859,
        0.0007270222704391927,
        0.0005045592382278604,
        0.0003923596935540748,
        0.0003490960370982066,
        0.0003332351504165369,
        0.0006070642436194854,
        0.010494344178975249,
        0.00889018626185134,
        0.0029024541242203363,
        0.0012237723130965605,
        0.0006490254406041155,
        0.0004579625601763837,
        0.0004181090577427919,
        0.003082180856533038,
        0.0030068129029435418,
        0.0028158950202244646,
        0.003106489855175217,
        0.0035781624562029415,
        0.002218144572301147,
        0.0024329531831123554,
        0.0010609031790712227,
        0.0009194460241512085,
        0.0005874681543597641,
        0.0002989687418448739,
        0.00026152390394903097,
        0.00022026037913747132,
        0.0001945044775008379,
        0.00018472280256294957,
        0.0001797183443462321,
        0.00017768267086163783,
        0.0001758652300244042,
        0.0001735752860743863,
        0.0001718071750171172,
        0.00016981488079181872,
        0.00016825143150830021,
        0.00016605048222118057,
        0.00016490721948988116,
        0.00016328016135958023,
        0.0001617416322308903,
        0.00016011633973297043,
        0.00015878417859009156,
        0.0001569156872089176,
        0.0001556092538521625,
        0.00015412277692424445,
        0.00015233419253490865,
        0.00015086220688923882,
        0.00014996916676561037,
        0.00014812987986564016,
        0.000146837164114307,
        0.00014539907594250204,
        0.00014399958308786154,
        0.00014265903397851312,
        0.00014178841471827278,
        0.00014029870483985482,
        0.00013884598592994735,
        0.00013760194269707426,
        0.0001363590866579519,
        0.00013491469871951267,
        0.00013409816043955894,
        0.00013298481826495845,
        0.00013164882996837454,
        0.00013040668879208775,
        0.00012931435776408762,
        0.0001281093809666345,
        0.00012718100879283156,
        0.00012586703572499877,
        0.00012478368929199254,
        0.0001237530286744004,
        0.00012267171283989833,
        0.00012207881991344038,
        0.00012056759684734668,
        0.00011935470017003051
    ],
    "val_loss": [
        0.7355483770370483,
        0.21777019649744034,
        0.04437259025871754,
        0.023246646858751774,
        0.011623989325016737,
        0.0077111246064305305,
        0.05209867283701897,
        0.021228769794106483,
        0.007411648519337177,
        0.006036782870069146,
        0.00609770673327148,
        0.002714621485210955,
        0.2142651081085205,
        0.03381152264773846,
        0.006959202466532588,
        0.0042400972452014685,
        0.001971270306967199,
        0.001526187639683485,
        0.00134841981343925,
        0.0011865361593663692,
        0.0013381196768023074,
        0.0009221340005751699,
        0.05076698213815689,
        0.008105694549158216,
        0.004046146525070071,
        0.0015081085148267448,
        0.0007895746384747326,
        0.2243017628788948,
        0.010047937277704477,
        0.007320326287299395,
        0.003979443106800318,
        0.0013211643672548234,
        0.0007384855416603386,
        0.0005509844049811363,
        0.0006488834624178708,
        0.0004525519907474518,
        0.024898207746446133,
        0.06812621280550957,
        0.004897960927337408,
        0.0033689577830955386,
        0.0016792044043540955,
        0.0012947242357768118,
        0.0004693904775194824,
        0.0003399798588361591,
        0.003496254561468959,
        0.0020629785722121596,
        0.002385202329605818,
        0.006625284906476736,
        0.001812244940083474,
        0.001855619193520397,
        0.0021826805314049125,
        0.0012736049247905612,
        0.00048408604925498366,
        0.0003712738398462534,
        0.0004248897166689858,
        0.0002073618452413939,
        0.00022681066184304655,
        0.00018659102352103218,
        0.0001868440449470654,
        0.00018183563224738464,
        0.000179672337253578,
        0.00017795449093682691,
        0.0001762611500453204,
        0.00017392393056070432,
        0.0001721141888992861,
        0.0001705092072370462,
        0.00016890798724489287,
        0.00016701842832844704,
        0.00016590669110883027,
        0.000163485347002279,
        0.00016204529674723744,
        0.00016061580390669405,
        0.00015877802798058838,
        0.00015777990483911708,
        0.00015591956616844982,
        0.00015414335939567536,
        0.00015275499026756734,
        0.00015130795509321615,
        0.00015035686374176294,
        0.00014841977827018127,
        0.00014702315820613876,
        0.00014643805479863659,
        0.00014433282922254875,
        0.00014350538549479097,
        0.00014162956358632073,
        0.00014049464516574517,
        0.00013906345702707767,
        0.00013785610644845292,
        0.00013662335550179705,
        0.0001352124527329579,
        0.0001347079814877361,
        0.00013300424325279891,
        0.0001318821668974124,
        0.0001305667174165137,
        0.0001293456953135319,
        0.00012813445937354118,
        0.00012715283810393885,
        0.0001258611009689048,
        0.0001248381995537784,
        0.00012391910058795474,
        0.00012276390043552965,
        0.00012171694470453076,
        0.00012064176917192526
    ]
}