{
    "start_datetime": "2025-06-20 09:10:36",
    "training_duration_minutes": 0.4469538648923238,
    "model_parameters": 456769,
    "system_specs": null,
    "simulation_time": 650,
    "dt": 10,
    "n_train": 100,
    "n_val": 20,
    "n_test": 2,
    "input_channels": 6,
    "sequence_length": 66,
    "epochs": 1000,
    "hidden_dims": [
        64,
        64
    ],
    "kernel_size": [
        3,
        3
    ],
    "scheduled_sampling": {
        "p0": 1.0,
        "p_min": 0.0,
        "decay_epochs": 200
    },
    "batch_size": 32,
    "epochs_trained": 4,
    "best_val_loss": 0.8145440816879272,
    "lr": 0.01,
    "scheduler": {
        "type": "ReduceLROnPlateau",
        "factor": 0.1,
        "patience": 10,
        "final_lr": 0.01,
        "early_stop_patience": 100
    },
    "loss_weights": {
        "mse": 1.0,
        "physics": 0.0,
        "boundary": 0.0
    },
    "losses": {
        "train": {
            "total": [
                1.32704558968544,
                0.9623448550701141,
                0.8800868988037109,
                1.141098529100418
            ],
            "mse": [
                1.32704558968544,
                0.9623448550701141,
                0.8800868988037109,
                1.141098529100418
            ],
            "physics": [
                0.04269873537123203,
                0.029624636750668287,
                0.026882760226726532,
                0.035356860142201185
            ],
            "boundary": [
                769.2005004882812,
                629.4949340820312,
                540.0846633911133,
                464.56815338134766
            ]
        },
        "val": {
            "total": [
                1.0456116199493408,
                0.8145440816879272,
                0.9144212007522583,
                1.0978144407272339
            ],
            "mse": [
                1.0456116199493408,
                0.8145440816879272,
                0.9144212007522583,
                1.0978144407272339
            ],
            "physics": [
                0.03208120912313461,
                0.024134336039423943,
                0.026611071079969406,
                0.03150416165590286
            ],
            "boundary": [
                509.73541259765625,
                448.1896057128906,
                389.7439270019531,
                347.9670715332031
            ]
        }
    }
}