{
    "start_datetime": "2025-05-29 11:39:04",
    "training_duration_minutes": 10.680402847131093,
    "system_specs": null,
    "hidden_dims": [
        64,
        64
    ],
    "kernel_size": [
        3,
        3
    ],
    "batch_size": 256,
    "early_stop_patience": 50,
    "epochs_trained": 4,
    "best_val_loss": 0.002083274070173502,
    "lr": 0.01,
    "scheduler": {
        "type": "ReduceLROnPlateau",
        "factor": 0.1,
        "patience": 10,
        "final_lr": 0.01
    },
    "loss_weights": {
        "mse": 1.0,
        "physics": 0.0001,
        "boundary": 1e-05
    },
    "losses": {
        "train": {
            "total": [
                0.04500664953504838,
                0.008072328707203268,
                0.0028321452788077294,
                0.368290167930536
            ],
            "mse": [
                0.044917759833947454,
                0.008031534356996417,
                0.002820593281649053,
                0.3679994937498122
            ],
            "physics": [
                0.05157902683131397,
                0.006457359273917973,
                0.0022762797772884367,
                0.5088619654648937
            ],
            "boundary": [
                8.373095455160364,
                4.014854276180268,
                1.1324362874031066,
                23.97839686870575
            ]
        },
        "val": {
            "total": [
                0.01392471045255661,
                0.004164413083344698,
                0.002083274070173502,
                0.029530098661780357
            ],
            "mse": [
                0.013824956491589546,
                0.0041480581276118755,
                0.0020760600455105305,
                0.029404038563370705
            ],
            "physics": [
                0.009729173965752125,
                0.003233453258872032,
                0.0017040757229551673,
                0.025913624092936516
            ],
            "boundary": [
                9.87804889678955,
                1.6031954288482666,
                0.7043700814247131,
                12.346912384033203
            ]
        }
    }
}