{
    "start_datetime": "2025-06-20 09:12:11",
    "training_duration_minutes": 7.9446190675099695,
    "model_parameters": 456769,
    "system_specs": null,
    "simulation_time": 650,
    "dt": 10,
    "n_train": 100,
    "n_val": 20,
    "n_test": 2,
    "input_channels": 6,
    "sequence_length": 66,
    "epochs": 1000,
    "hidden_dims": [
        64,
        64
    ],
    "kernel_size": [
        3,
        3
    ],
    "scheduled_sampling": {
        "p0": 1.0,
        "p_min": 0.0,
        "decay_epochs": 200
    },
    "batch_size": 32,
    "epochs_trained": 11,
    "best_val_loss": 16.696157455444336,
    "lr": 0.01,
    "scheduler": {
        "type": "ReduceLROnPlateau",
        "factor": 0.1,
        "patience": 10,
        "final_lr": 0.01,
        "early_stop_patience": 100
    },
    "loss_weights": {
        "mse": 1.0,
        "physics": 1.0,
        "boundary": 1.0
    },
    "losses": {
        "train": {
            "total": [
                615.5549621582031,
                653.5416412353516,
                588.7897872924805,
                412.13540267944336,
                130.20117664337158,
                73.61212825775146,
                40.55982780456543,
                47.44602584838867,
                30.310852527618408,
                19.713850736618042,
                12.577358484268188
            ],
            "mse": [
                0.9700921475887299,
                0.9788133054971695,
                1.3274869620800018,
                2.633874773979187,
                2.909761130809784,
                1.5213515758514404,
                1.59767484664917,
                2.0724019706249237,
                1.162722960114479,
                1.317197024822235,
                1.5896898806095123
            ],
            "physics": [
                0.03016465762630105,
                0.030759990215301514,
                0.03878994844853878,
                0.0983242578804493,
                0.10616778582334518,
                0.04997808486223221,
                0.051184593699872494,
                0.06792880222201347,
                0.03515385650098324,
                0.039374206215143204,
                0.051903367042541504
            ],
            "boundary": [
                614.5546875,
                652.5320587158203,
                587.4235076904297,
                409.40320205688477,
                127.18524837493896,
                72.04079818725586,
                38.91096782684326,
                45.305694580078125,
                29.11297607421875,
                18.357279777526855,
                10.935765266418457
            ]
        },
        "val": {
            "total": [
                518.4774169921875,
                518.4774169921875,
                445.82318115234375,
                171.3303985595703,
                109.62225341796875,
                47.35218048095703,
                66.27130126953125,
                30.453216552734375,
                22.073348999023438,
                16.696157455444336,
                19.702102661132812
            ],
            "mse": [
                0.9783622026443481,
                0.9783622026443481,
                3.212139368057251,
                2.997602701187134,
                1.3425953388214111,
                1.4764087200164795,
                1.9173927307128906,
                1.3435025215148926,
                1.0289753675460815,
                1.554324746131897,
                1.6424775123596191
            ],
            "physics": [
                0.030041992664337158,
                0.030041992664337158,
                0.11876019090414047,
                0.10999095439910889,
                0.03987565636634827,
                0.04488646984100342,
                0.06097675487399101,
                0.03996267542243004,
                0.029346443712711334,
                0.04760102927684784,
                0.05284031108021736
            ],
            "boundary": [
                517.468994140625,
                517.468994140625,
                442.4922790527344,
                168.22280883789062,
                108.23978424072266,
                45.83088684082031,
                64.29293060302734,
                29.069751739501953,
                21.01502799987793,
                15.094231605529785,
                18.006784439086914
            ]
        }
    }
}