{
    "start_datetime": "2025-05-29 20:43:59",
    "training_duration_minutes": 0.9611692428588867,
    "system_specs": null,
    "hidden_dims": [
        64,
        64
    ],
    "kernel_size": [
        3,
        3
    ],
    "batch_size": 256,
    "lr": 1.0000000000000002e-06,
    "scheduler": {
        "type": "ReduceLROnPlateau",
        "factor": 0.1,
        "patience": 10,
        "final_lr": 1.0000000000000002e-06
    },
    "early_stop_patience": 50,
    "epochs_trained": 164,
    "best_val_loss": 0.004433049820363522,
    "train_loss": [
        0.7686880230903625,
        4.791875839233398,
        4.794292449951172,
        4.79673433303833,
        0.8844759464263916,
        0.7304003238677979,
        0.6262110471725464,
        0.5831573605537415,
        0.6240995526313782,
        0.5598199963569641,
        0.5100102424621582,
        0.47844401001930237,
        0.5580976605415344,
        0.4078139662742615,
        0.3857010304927826,
        0.3290086090564728,
        0.27948954701423645,
        0.36279672384262085,
        0.24527360498905182,
        0.21395333111286163,
        0.17237696051597595,
        0.16313457489013672,
        0.15809565782546997,
        0.1399880200624466,
        0.12475177645683289,
        0.11787156760692596,
        0.10801780968904495,
        0.0976686105132103,
        0.08531994372606277,
        0.0782359316945076,
        0.06969007849693298,
        0.06345643103122711,
        0.05663192644715309,
        0.054226554930210114,
        0.04914361238479614,
        0.04711524024605751,
        0.04202892258763313,
        0.03868793323636055,
        0.03577738255262375,
        0.03339771926403046,
        0.031183138489723206,
        0.029110107570886612,
        0.027552487328648567,
        0.025791339576244354,
        0.02432127855718136,
        0.02302905172109604,
        0.02180209942162037,
        0.020801424980163574,
        0.019387157633900642,
        0.018430344760417938,
        0.017492305487394333,
        0.016479922458529472,
        0.015819506719708443,
        0.015183299779891968,
        0.014295282773673534,
        0.013385188765823841,
        0.012850981205701828,
        0.012373171746730804,
        0.01197377871721983,
        0.01218841876834631,
        0.015111151151359081,
        0.019330061972141266,
        0.020531563088297844,
        0.012718762271106243,
        0.018274571746587753,
        0.011173929087817669,
        0.015445167198777199,
        0.010514505207538605,
        0.014441191218793392,
        0.010573175735771656,
        0.011961665004491806,
        0.010053116828203201,
        0.011217656545341015,
        0.009521880187094212,
        0.01002661231905222,
        0.008184026926755905,
        0.010039281100034714,
        0.007751292549073696,
        0.00851824413985014,
        0.007608935236930847,
        0.008057387545704842,
        0.006892841309309006,
        0.007644783239811659,
        0.006563249044120312,
        0.007187857758253813,
        0.006315344944596291,
        0.006686735432595015,
        0.005773014388978481,
        0.006147358566522598,
        0.005677239969372749,
        0.005850359797477722,
        0.005274914670735598,
        0.0056672063656151295,
        0.005038421135395765,
        0.005231939256191254,
        0.004930657800287008,
        0.00499454140663147,
        0.004766169469803572,
        0.00469660060480237,
        0.004652874078601599,
        0.004351138137280941,
        0.004451919812709093,
        0.004194603301584721,
        0.004204066935926676,
        0.004055812954902649,
        0.004020994994789362,
        0.003967666998505592,
        0.0038189413025975227,
        0.003846975741907954,
        0.0037245769053697586,
        0.003698699176311493,
        0.003703968832269311,
        0.0035080343950539827,
        0.003526955144479871,
        0.003428732743486762,
        0.003355208085849881,
        0.003371193539351225,
        0.003274923888966441,
        0.003281436860561371,
        0.003492526477202773,
        0.003988330718129873,
        0.0055933548137545586,
        0.013550182804465294,
        0.04094475880265236,
        0.06644587218761444,
        0.018122700974345207,
        0.04876708984375,
        0.04124543443322182,
        0.0247309822589159,
        0.012611244805157185,
        0.010745605453848839,
        0.016552885994315147,
        0.02246973104774952,
        0.02286187931895256,
        0.019040578976273537,
        0.013878229074180126,
        0.010265116579830647,
        0.009559090249240398,
        0.00964544527232647,
        0.009657038375735283,
        0.00954123679548502,
        0.009318712167441845,
        0.00902537815272808,
        0.008685152977705002,
        0.008253602311015129,
        0.007860247045755386,
        0.007478620391339064,
        0.007117192726582289,
        0.006803322117775679,
        0.006839319597929716,
        0.0068655479699373245,
        0.00689918315038085,
        0.0069130416959524155,
        0.006959449499845505,
        0.006984272040426731,
        0.0069759017787873745,
        0.007051215041428804,
        0.007100134156644344,
        0.007113557308912277,
        0.007191434968262911,
        0.007255303207784891,
        0.007312584202736616,
        0.007394230458885431,
        0.007458718493580818
    ],