{
    "start_datetime": "2025-06-10 15:56:34",
    "training_duration_minutes": 106.80245972077051,
    "model_parameters": 456769,
    "system_specs": {
        "platform": "Linux-6.1.123+-x86_64-with-glibc2.35",
        "python_version": "3.11.13",
        "torch_version": "2.5.1+cu124",
        "cuda_available": true,
        "cuda_version": "12.4",
        "gpu_count": 1,
        "primary_gpu_name": "NVIDIA L4",
        "gpu_details": {
            "gpu_0": {
                "name": "NVIDIA L4",
                "memory_total_gb": 22.16,
                "compute_capability": "8.9",
                "multi_processor_count": 58
            }
        },
        "cpu_count_logical": 12,
        "cpu_count_physical": 6,
        "memory_total_gb": 52.96
    },
    "simulation_time": 650,
    "dt": 1,
    "n_train": 1000,
    "n_val": 200,
    "n_test": 20,
    "input_channels": 6,
    "sequence_length": 651,
    "epochs": 1000,
    "hidden_dims": [
        64,
        64
    ],
    "kernel_size": [
        [
            3,
            3
        ],
        [
            3,
            3
        ]
    ],
    "scheduled_sampling": {
        "p0": 1.0,
        "p_min": 0.0,
        "decay_epochs": 200
    },
    "batch_size": 64,
    "lr": 1.0000000000000004e-08,
    "scheduler": {
        "type": "ReduceLROnPlateau",
        "factor": 0.1,
        "patience": 10,
        "final_lr": 1.0000000000000004e-08
    },
    "early_stop_patience": 100,
    "epochs_trained": 180,
    "best_val_loss": 0.6654926091432571,
    "train_loss": [
        0.6344413366168737,
        0.7323126643896103,
        1.0699098855257034,
        0.9002581126987934,
        0.8252553269267082,
        0.7943307757377625,
        0.9112207069993019,
        0.9188311100006104,
        0.8654524758458138,
        0.9099306128919125,
        0.5447119642049074,
        0.6448080725967884,
        0.6804041601717472,
        0.6930634938180447,
        0.7001198418438435,
        0.7139365971088409,
        0.7239569649100304,
        0.731640387326479,
        0.7329242788255215,
        0.7365247383713722,
        0.7400067187845707,
        0.7419965378940105,
        0.7475438788533211,
        0.7512596175074577,
        0.7533417157828808,
        0.7571791298687458,
        0.7623509056866169,
        0.7665277160704136,
        0.7700146697461605,
        0.7736929878592491,
        0.7748456597328186,
        0.7774780094623566,
        0.7824851423501968,
        0.784182783216238,
        0.7860977202653885,
        0.7888537645339966,
        0.7914367765188217,
        0.7943019978702068,
        0.7958141341805458,
        0.7984664924442768,
        0.8007724210619926,
        0.8020919039845467,
        0.8055377341806889,
        0.808199092745781,
        0.8123726285994053,
        0.8138006664812565,
        0.8182393684983253,
        0.8199816904962063,
        0.820355724543333,
        0.8257264904677868,
        0.8287770338356495,
        0.8305470421910286,
        0.8329890035092831,
        0.8330421671271324,
        0.796268992125988,
        0.9484611973166466,
        0.9668185003101826,
        0.9242327660322189,
        0.8886473588645458,
        1.1933348327875137,
        0.6835738532245159,
        1.0605912990868092,
        0.8287757560610771,
        0.8389490060508251,
        0.7110275588929653,
        0.658240620046854,
        0.6730455756187439,
        0.5848034135997295,
        0.5648084990680218,
        0.5464512947946787,
        0.6000968255102634,
        0.7390552759170532,
        0.7456028833985329,
        0.730250496417284,
        0.6564299203455448,
        0.6647928394377232,
        0.6680504344403744,
        0.6563401892781258,
        0.6651918403804302,
        0.6534109674394131,
        0.6089458912611008,
        0.673252996057272,
        0.7532627619802952,
        0.70186672732234,
        0.6923542805016041,
        0.663602601736784,
        0.6651285290718079,
        0.6601070463657379,
        0.6465227827429771,
        0.6493241712450981,
        0.6569857932627201,
        0.6493025571107864,
        0.6477003693580627,
        0.6516617983579636,
        0.6507129892706871,
        0.6498464085161686,
        0.6505245938897133,
        0.6511898413300514,
        0.6540536917746067,
        0.6517705097794533,
        0.6521654240787029,
        0.6529891416430473,
        0.6508682779967785,
        0.6515488103032112,
        0.6545933522284031,
        0.6528507880866528,
        0.6550744287669659,
        0.6529245488345623,
        0.6554120853543282,
        0.655685793608427,
        0.6561026647686958,
        0.6590079665184021,
        0.6582294069230556,
        0.658284991979599,
        0.6597146168351173,
        0.6591679379343987,
        0.6615695133805275,
        0.6630057767033577,
        0.6623097509145737,
        0.6636984720826149,
        0.6678539291024208,
        0.668811485171318,
        0.6664921529591084,
        0.6719602607190609,
        0.6701391525566578,
        0.672802846878767,
        0.6732499524950981,
        0.6735068559646606,
        0.6759213544428349,
        0.6767424643039703,
        0.6778853684663773,
        0.6792050823569298,
        0.6816876195371151,
        0.6840704567730427,
        0.6839079596102238,
        0.6854585781693459,
        0.6857406906783581,
        0.6906884051859379,
        0.6882165893912315,
        0.692795641720295,
        0.6927192248404026,
        0.6912699081003666,
        0.6942366287112236,
        0.6978926099836826,
        0.7010439820587635,
        0.7010990865528584,
        0.7024302147328854,
        0.7024649456143379,
        0.7060506008565426,
        0.7053419277071953,
        0.7095968462526798,
        0.7138102389872074,
        0.7128787972033024,
        0.7173005267977715,
        0.7182461880147457,
        0.7207316011190414,
        0.7221410796046257,
        0.7233652099967003,
        0.7278225943446159,
        0.7283142805099487,
        0.7316932044923306,
        0.7353090085089207,
        0.7366827093064785,
        0.7385261841118336,
        0.7418441921472549,
        0.7442809790372849,
        0.7499352060258389,
        0.7484866008162498,
        0.7515729032456875,
        0.75545958802104,
        0.756169144064188,
        0.7585104145109653,
        0.7631676942110062,
        0.7658888548612595,
        0.7698524296283722,
        0.7722573094069958,
        0.7756885923445225,
        0.777542382478714,
        0.7800169363617897,
        0.7834853939712048
    ],