{
    "start_datetime": "2025-05-28 13:15:14",
    "training_duration_minutes": 2.043253155549367,
    "system_specs": null,
    "hidden_dims": [
        64,
        64
    ],
    "kernel_size": [
        3,
        3
    ],
    "batch_size": 128,
    "early_stop_patience": 50,
    "epochs_trained": 5,
    "best_val_loss": 116.70416641235352,
    "lr": 0.01,
    "scheduler": {
        "type": "ReduceLROnPlateau",
        "factor": 0.1,
        "patience": 10,
        "final_lr": 0.01
    },
    "loss_weights": {
        "mse": 1.0,
        "physics": 1.0,
        "boundary": 1.0
    },
    "losses": {
        "train": {
            "total": [
                120.88200378417969,
                120.88200378417969,
                120.88200378417969,
                120.88198852539062,
                120.88200378417969
            ],
            "mse": [
                0.6699990034103394,
                0.6699990034103394,
                0.6699990630149841,
                0.6699990034103394,
                0.6699990034103394
            ],
            "physics": [
                0.354838490486145,
                0.354838490486145,
                0.354838490486145,
                0.354838490486145,
                0.354838490486145
            ],
            "boundary": [
                119.85716247558594,
                119.85716247558594,
                119.85716247558594,
                119.8571548461914,
                119.85717010498047
            ]
        },
        "val": {
            "total": [
                116.70416641235352,
                116.70416641235352,
                116.70416641235352,
                116.70416641235352,
                116.70416641235352
            ],
            "mse": [
                0.6549389958381653,
                0.6549389958381653,
                0.6549389958381653,
                0.6549389958381653,
                0.6549389958381653
            ],
            "physics": [
                0.3088796138763428,
                0.3088796138763428,
                0.3088796138763428,
                0.3088796138763428,
                0.3088796138763428
            ],
            "boundary": [
                115.74034881591797,
                115.74034881591797,
                115.74034881591797,
                115.74034881591797,
                115.74034881591797
            ]
        }
    }
}