{
    "start_datetime": "2025-06-19 17:19:05",
    "training_duration_minutes": 0.22081770499547324,
    "model_parameters": 456769,
    "system_specs": null,
    "simulation_time": 650,
    "dt": 10,
    "n_train": 10,
    "n_val": 2,
    "n_test": 0,
    "input_channels": 6,
    "sequence_length": 66,
    "epochs": 1000,
    "hidden_dims": [
        64,
        64
    ],
    "kernel_size": [
        3,
        3
    ],
    "scheduled_sampling": {
        "p0": 1.0,
        "p_min": 0.0,
        "decay_epochs": 200
    },
    "batch_size": 64,
    "epochs_trained": 26,
    "best_val_loss": 1.2977867126464844,
    "lr": 0.01,
    "scheduler": {
        "type": "ReduceLROnPlateau",
        "factor": 0.1,
        "patience": 10,
        "final_lr": 0.01,
        "early_stop_patience": 100
    },
    "loss_weights": {
        "mse": 1.0,
        "physics": 10.0,
        "boundary": 0.1
    },
    "losses": {
        "train": {
            "total": [
                60.68708801269531,
                60.68708801269531,
                60.68708801269531,
                60.687095642089844,
                60.687095642089844,
                60.687095642089844,
                60.687095642089844,
                32.67435836791992,
                43.116573333740234,
                37.8383903503418,
                22.33658218383789,
                19.016910552978516,
                14.272600173950195,
                11.39254093170166,
                8.3349027633667,
                5.243093013763428,
                4.6772661209106445,
                5.902284622192383,
                4.210120677947998,
                3.8506479263305664,
                3.1137471199035645,
                3.2492659091949463,
                1.9617111682891846,
                2.5029821395874023,
                2.33909273147583,
                1.8090895414352417
            ],
            "mse": [
                0.7884027361869812,
                0.7884027361869812,
                0.7884027361869812,
                0.7884026765823364,
                0.788402795791626,
                0.7884027361869812,
                0.7884026765823364,
                5.359584331512451,
                2.7054150104522705,
                1.2734689712524414,
                3.4917984008789062,
                2.7656702995300293,
                1.9159504175186157,
                1.8674037456512451,
                0.9489579796791077,
                0.9459548592567444,
                0.8769096732139587,
                1.2049850225448608,
                0.9306194186210632,
                0.7822098731994629,
                0.7568608522415161,
                0.7553408145904541,
                0.6871727108955383,
                0.7104376554489136,
                0.7082036733627319,
                0.6823314428329468
            ],
            "physics": [
                0.023620786145329475,
                0.023620786145329475,
                0.023620788007974625,
                0.023620788007974625,
                0.023620786145329475,
                0.023620786145329475,
                0.023620786145329475,
                0.22823692858219147,
                0.09827959537506104,
                0.039309658110141754,
                0.13575725257396698,
                0.10483823716640472,
                0.06553763151168823,
                0.06341897696256638,
                0.027111055329442024,
                0.026917103677988052,
                0.02583855576813221,
                0.038903847336769104,
                0.028556840494275093,
                0.022969884797930717,
                0.022072771564126015,
                0.022288817912340164,
                0.020221875980496407,
                0.020832456648349762,
                0.020778367295861244,
                0.02013310417532921
            ],
            "boundary": [
                596.624755859375,
                596.624755859375,
                596.624755859375,
                596.6248168945312,
                596.6248168945312,
                596.6248168945312,
                596.6248168945312,
                250.3240509033203,
                394.28363037109375,
                361.7182312011719,
                174.87210083007812,
                152.028564453125,
                117.01273345947266,
                88.90946960449219,
                71.1483383178711,
                40.279666900634766,
                35.419708251953125,
                43.08261489868164,
                29.939327239990234,
                28.387392044067383,
                21.361587524414062,
                22.710369110107422,
                10.723196029663086,
                15.84220027923584,
                14.23105239868164,
                9.254270553588867
            ]
        },
        "val": {
            "total": [
                38.19624328613281,
                38.19624328613281,
                38.19624328613281,
                38.19624328613281,
                38.19624328613281,
                38.19624328613281,
                25.46584701538086,
                30.097558975219727,
                22.954910278320312,
                14.0379056930542,
                12.672972679138184,
                10.099992752075195,
                10.530679702758789,
                5.913328170776367,
                8.339701652526855,
                4.577650547027588,
                13.536906242370605,
                7.843672752380371,
                3.5211715698242188,
                3.204993963241577,
                5.450143814086914,
                2.4944653511047363,
                2.466320037841797,
                1.9337363243103027,
                1.49006986618042,
                1.2977867126464844
            ],
            "mse": [
                0.5540527105331421,
                0.5540527105331421,
                0.5540527105331421,
                0.5540527105331421,
                0.5540527105331421,
                0.5540527105331421,
                4.638155937194824,
                1.1742799282073975,
                0.6934430003166199,
                2.6881511211395264,
                2.0580244064331055,
                1.3154323101043701,
                1.5174845457077026,
                0.4925919771194458,
                0.508428156375885,
                0.5648520588874817,
                1.0927343368530273,
                0.7205718159675598,
                0.4682137370109558,
                0.48394107818603516,
                0.543181300163269,
                0.4992331266403198,
                0.4701566696166992,
                0.46440330147743225,
                0.4621828496456146,
                0.46380919218063354
            ],
            "physics": [
                0.01678410917520523,
                0.01678410917520523,
                0.01678410917520523,
                0.01678410917520523,
                0.01678410917520523,
                0.01678410917520523,
                0.20297791063785553,
                0.04026137664914131,
                0.020671825855970383,
                0.11024410277605057,
                0.08132249861955643,
                0.047706592828035355,
                0.04967933148145676,
                0.014193772338330746,
                0.014957322739064693,
                0.01686146669089794,
                0.033201418817043304,
                0.021802254021167755,
                0.01343616470694542,
                0.013976549729704857,
                0.01652262918651104,
                0.015029308386147022,
                0.013997545465826988,
                0.013722898438572884,
                0.013749434612691402,
                0.013938230462372303
            ],