{
    "start_datetime": "2025-06-03 16:05:19",
    "training_duration_minutes": 35.277986665566765,
    "model_parameters": 456769,
    "system_specs": null,
    "hidden_dims": [
        64,
        64
    ],
    "kernel_size": [
        3,
        3
    ],
    "batch_size": 16,
    "early_stop_patience": 50,
    "epochs_trained": 56,
    "best_val_loss": 33.17190742492676,
    "lr": 1.0000000000000002e-06,
    "scheduler": {
        "type": "ReduceLROnPlateau",
        "factor": 0.1,
        "patience": 10,
        "final_lr": 1.0000000000000002e-06
    },
    "loss_weights": {
        "mse": 1.0,
        "physics": 10.0,
        "boundary": 0.1
    },
    "losses": {
        "train": {
            "total": [
                105.2179445539202,
                97.9053235735212,
                61.299918038504465,
                42.52189309256418,
                36.60032708304269,
                34.49621091570173,
                31.39724976675851,
                28.90953472682408,
                44.12393242972238,
                50.805342538016184,
                64.0247552054269,
                61.30114146641323,
                64.40395300728935,
                51.99655423845564,
                40.69730595179966,
                39.54454748971121,
                52.66855130876814,
                59.798169817243306,
                70.86637387956891,
                77.15163803100586,
                75.97231946672711,
                85.55805478777204,
                82.18577902657645,
                79.36740330287388,
                80.93992396763393,
                78.02417864118304,
                75.40975734165737,
                74.8077038356236,
                83.95963886805943,
                82.1588134765625,
                80.52813066755023,
                75.15138680594308,
                82.62019293648856,
                78.22616468157086,
                78.59198869977679,
                79.43840626307896,
                73.0880492074149,
                82.66464069911412,
                75.53916658673968,
                76.58232062203544,
                79.91748809814453,
                71.87232753208706,
                71.70879908970424,
                75.91210501534599,
                74.75394439697266,
                74.43657411847796,
                72.52007947649274,
                73.79270008632115,
                77.0569839477539,
                80.11516189575195,
                74.22149331229073,
                72.05060631888253,
                74.2428207397461,
                74.96297345842633,
                79.17180688040597,
                72.32704980032784
            ],
            "mse": [
                1.0052615404129028,
                1.3157169478280204,
                0.9931325316429138,
                0.7523879323686872,
                0.6456669228417533,
                0.6220722624233791,
                0.6427283968244281,
                0.6418757098061698,
                0.7544801575796944,
                1.2355154412133353,
                1.698204857962472,
                1.60661438533238,
                1.6431676660265242,
                1.183987021446228,
                0.9140853796686444,
                0.8737055574144635,
                1.245895266532898,
                1.3767537559781755,
                1.6457809209823608,
                1.8163226672581263,
                1.7758796044758387,
                1.9936683348246984,
                1.9268389088766915,
                1.8672922338758196,
                1.9400133746010917,
                1.8488147258758545,
                1.7924518074308122,
                1.7634037818227495,
                1.9544499942234583,
                1.937168104307992,
                1.91263633114951,
                1.789230397769383,
                1.9398825679506575,
                1.8423719235828944,
                1.8642103501728602,
                1.8532012019838606,
                1.7473833390644617,
                1.9293752908706665,
                1.7727895293916975,
                1.8112930740628923,
                1.863970262663705,
                1.7122091225215368,
                1.7219199623380388,
                1.7976916347231184,
                1.7797284126281738,
                1.7933244875499181,
                1.7175355638776506,
                1.752476624080113,
                1.8318289858954293,
                1.8673775025776453,
                1.758132883480617,
                1.718762993812561,
                1.7775320325578963,
                1.774314624922616,
                1.8674978699002946,
                1.724227752004351
            ],
            "physics": [
                3.397491897855486,
                4.741849320275443,
                3.310943637575422,
                2.5825486523764476,
                2.210441895893642,
                2.0366014582770213,
                2.0713126489094327,
                2.0439999444144115,
                2.532581397465297,
                3.998371056147984,
                5.288328443254743,
                4.985692943845477,
                5.324013641902378,
                3.9711086750030518,
                3.024460349764143,
                2.8673463548932756,
                4.342302083969116,
                4.95073253767831,
                6.046361650739398,
                6.706378936767578,
                6.565045629228864,
                7.4566537993294855,
                7.116585799625942,
                6.896575791495187,
                7.0206257956368585,
                6.775807585035052,
                6.51861664227077,
                6.458194153649466,
                7.341370514460972,
                7.185655389513288,
                6.995388031005859,
                6.541479519435337,
                7.199812752859933,
                6.775761536189488,
                6.790118898664202,
                6.863065583365304,
                6.3068840844290595,
                7.235635008130755,
                6.532271521432059,
                6.632350104195731,
                6.982303483145578,
                6.216913802283151,
                6.203202383858817,
                6.587985856192453,
                6.493949345179966,
                6.473069190979004,
                6.275046416691372,
                6.416597502572196,
                6.710062163216727,
                6.985874244144985,
                6.395271096910749,
                6.226669481822422,
                6.431126662663051,
                6.493694714137486,
                6.896578311920166,
                6.193070547921317
            ],