{
    "start_datetime": "2025-06-18 06:28:47",
    "training_duration_minutes": 0.3373063445091248,
    "model_parameters": 448321,
    "system_specs": null,
    "simulation_time": 650,
    "dt": 10,
    "n_train": 200,
    "n_val": 40,
    "n_test": 4,
    "input_channels": 6,
    "sequence_length": 66,
    "epochs": 1000,
    "hidden_dims": [
        64
    ],
    "kernel_size": [
        5,
        5
    ],
    "scheduled_sampling": {
        "p0": 1.0,
        "p_min": 0.0,
        "decay_epochs": 200
    },
    "batch_size": 64,
    "epochs_trained": 18,
    "best_val_loss": 11.70923137664795,
    "lr": 0.01,
    "scheduler": {
        "type": "ReduceLROnPlateau",
        "factor": 0.1,
        "patience": 10,
        "final_lr": 0.01,
        "early_stop_patience": 100
    },
    "loss_weights": {
        "mse": 1.0,
        "physics": 1.0,
        "boundary": 1.0
    },
    "losses": {
        "train": {
            "total": [
                578.5419082641602,
                606.5681610107422,
                493.65797424316406,
                255.72543716430664,
                235.2017478942871,
                221.2234344482422,
                218.3023567199707,
                177.0254249572754,
                125.74787902832031,
                49.66379261016846,
                26.452820301055908,
                32.96318483352661,
                39.26677942276001,
                22.400254011154175,
                32.41350603103638,
                19.85917329788208,
                21.486900329589844,
                14.43088150024414
            ],
            "mse": [
                1.0673507750034332,
                1.0223170518875122,
                2.463723748922348,
                2.9538263380527496,
                2.541753351688385,
                2.715602219104767,
                2.5656829476356506,
                2.8672900199890137,
                2.966233193874359,
                2.4815971851348877,
                2.10075581073761,
                1.9314418137073517,
                1.6834198832511902,
                1.6392593085765839,
                1.5899577736854553,
                1.4695125818252563,
                1.6146578788757324,
                1.4378605484962463
            ],
            "physics": [
                0.033272319473326206,
                0.031839474104344845,
                0.08925687707960606,
                0.10785624105483294,
                0.09279104508459568,
                0.09873208776116371,
                0.09065087139606476,
                0.10592110641300678,
                0.10883498750627041,
                0.08685378357768059,
                0.06868788134306669,
                0.06311665661633015,
                0.05564973596483469,
                0.05236808490008116,
                0.04892183467745781,
                0.046551777981221676,
                0.05214457679539919,
                0.045337471179664135
            ],
            "boundary": [
                577.4412841796875,
                605.5140228271484,
                491.10499572753906,
                252.66376113891602,
                232.56720352172852,
                218.40909957885742,
                215.64602279663086,
                174.05221557617188,
                122.67281150817871,
                47.0953426361084,
                24.283377170562744,
                30.968626499176025,
                37.52771043777466,
                20.70862650871277,
                30.7746262550354,
                18.343108892440796,
                19.82009792327881,
                12.947683811187744
            ]
        },
        "val": {
            "total": [
                605.4519653320312,
                605.4519653320312,
                262.1037902832031,
                208.81463623046875,
                202.22073364257812,
                201.98675537109375,
                186.65443420410156,
                131.68948364257812,
                69.87419128417969,
                26.68682289123535,
                25.249271392822266,
                48.40288543701172,
                29.195486068725586,
                45.72581100463867,
                28.86771011352539,
                19.783315658569336,
                14.536097526550293,
                11.70923137664795
            ],
            "mse": [
                0.9866119623184204,
                0.9866119623184204,
                2.8494646549224854,
                2.060215473175049,
                2.3192594051361084,
                2.554417848587036,
                2.315047025680542,
                2.4206488132476807,
                2.200796127319336,
                2.051469087600708,
                1.8113532066345215,
                1.5924456119537354,
                1.4166489839553833,
                1.4864603281021118,
                1.2155214548110962,
                1.2268412113189697,
                1.3332629203796387,
                1.2724027633666992
            ],
            "physics": [
                0.03019706904888153,
                0.03019706904888153,
                0.1001768559217453,
                0.07021991163492203,
                0.08055508881807327,
                0.09245385229587555,
                0.08157993853092194,
                0.08555091172456741,
                0.07659372687339783,
                0.0667770728468895,
                0.0582624189555645,
                0.05187355354428291,
                0.04478199779987335,
                0.04493856430053711,
                0.03664081543684006,
                0.03668763116002083,
                0.04097728431224823,
                0.0390218086540699
            ],
            "boundary": [
                604.4351806640625,
                604.4351806640625,
                259.1541442871094,
                206.6842041015625,
                199.8209228515625,
                199.3398895263672,
                184.2578125,
                129.18328857421875,
                67.5968017578125,
                24.56857681274414,
                23.379655838012695,
                46.758567810058594,
                27.734054565429688,
                44.19441223144531,
                27.61554718017578,
                18.519786834716797,
                13.161857604980469,
                10.397807121276855
            ]
        }
    }
}