{
    "start_datetime": "2025-06-16 17:01:16",
    "training_duration_minutes": 57.10163275798162,
    "model_parameters": 332417,
    "system_specs": {
        "platform": "Windows-10-10.0.19041-SP0",
        "python_version": "3.9.21",
        "torch_version": "2.5.1",
        "cuda_available": true,
        "cuda_version": "11.8",
        "gpu_count": 1,
        "primary_gpu_name": "NVIDIA GeForce GTX 1050",
        "gpu_details": {
            "gpu_0": {
                "name": "NVIDIA GeForce GTX 1050",
                "memory_total_gb": 2.0,
                "compute_capability": "6.1",
                "multi_processor_count": 5
            }
        },
        "cpu_count_logical": 6,
        "cpu_count_physical": 6,
        "memory_total_gb": 15.92
    },
    "simulation_time": 50,
    "dt": 1,
    "n_train": 1000,
    "n_val": 200,
    "n_test": 20,
    "input_channels": 6,
    "sequence_length": 51,
    "epochs": 1000,
    "hidden_dims": [
        128,
        128,
        128
    ],
    "kernel_size": [
        [
            1,
            1
        ],
        [
            1,
            1
        ],
        [
            1,
            1
        ]
    ],
    "scheduled_sampling": {
        "p0": 1.0,
        "p_min": 0.0,
        "decay_epochs": 200
    },
    "batch_size": 8,
    "lr": 1.0000000000000004e-08,
    "scheduler": {
        "type": "ReduceLROnPlateau",
        "factor": 0.1,
        "patience": 10,
        "final_lr": 1.0000000000000004e-08
    },
    "early_stop_patience": 50,
    "epochs_trained": 90,
    "best_val_loss": 0.07765963912010193,
    "train_loss": [
        0.2184593557557091,
        0.0005109800768550485,
        0.0003784658923977986,
        0.0006181190360803157,
        0.00013079617876792326,
        0.00016067431162809952,
        0.0005337215908803046,
        0.0015863991250516848,
        0.0003012210238375701,
        5.7469889085041356e-05,
        4.728940682252869e-05,
        4.635412781499326e-05,
        4.740362708980683e-05,
        4.319152160314843e-05,
        0.00020748273271601646,
        0.0024036152215267067,
        5.2769899601116774e-05,
        4.502945597050711e-05,
        5.266594247950707e-05,
        3.3590484265005214e-05,
        4.542637187114451e-05,
        4.556205912376754e-05,
        2.846242836676538e-05,
        2.838660779525526e-05,
        2.8974081025808117e-05,
        2.962446442688815e-05,
        3.001741928164847e-05,
        3.0929014785215256e-05,
        3.0731497870874594e-05,
        3.121556682162918e-05,
        3.190553640888538e-05,
        3.285614868218545e-05,
        3.306432723184116e-05,
        3.367493704718072e-05,
        3.4708777922787704e-05,
        3.569587945821695e-05,
        3.617625265906099e-05,
        3.6092596215894444e-05,
        3.7463846761966124e-05,
        3.794380131876096e-05,
        4.0203029362601226e-05,
        4.056489079084713e-05,
        4.064267675857991e-05,
        4.2213132212054913e-05,
        4.1992370373918675e-05,
        4.493530675244983e-05,
        4.527932108612731e-05,
        4.632647326798178e-05,
        4.7607645916286853e-05,
        4.916316106391605e-05,
        5.041196281672455e-05,
        5.1342589256819334e-05,
        5.172176632913761e-05,
        5.464564939029515e-05,
        5.5776187626179305e-05,
        5.550456180935726e-05,
        5.7146249135257676e-05,
        5.791370960650965e-05,
        5.993446783395484e-05,
        6.277795918867923e-05,
        6.346973206382244e-05,
        6.59971428103745e-05,
        6.825720344204455e-05,
        7.076617795974016e-05,
        7.20661433879286e-05,
        7.342001257347874e-05,
        7.687645990517922e-05,
        7.798953517340124e-05,
        7.832320139277727e-05,
        8.311182248871773e-05,
        8.555798887391574e-05,
        8.555807580705732e-05,
        9.242245348286815e-05,
        9.335920904413797e-05,
        9.479465705226176e-05,
        9.788259514607489e-05,
        0.00010169963736552745,
        0.00010674256304628215,
        0.00011067782423924654,
        0.00011372661963105202,
        0.00011381499707931652,
        0.0001256210642750375,
        0.00013061385328182952,
        0.00012606768053956329,
        0.00013198241707868875,
        0.00013956615451024844,
        0.00014453779318137095,
        0.00015564790682401507,
        0.00016080129670444876,
        0.0001612188540166244
    ],
    "val_loss": [
        0.0973540735244751,
        0.36338969111442565,
        0.1623396670818329,
        0.1102902564406395,
        0.08585339128971099,
        0.09356942474842071,
        0.14814072221517563,
        1.0545655691623688,
        0.08287075787782669,
        0.08231019407510758,
        0.08033753663301468,
        0.14318127930164337,
        0.11071960598230363,
        0.14892727494239807,
        2.3771796798706055,
        0.30417568802833556,
        0.08894397467374801,
        0.25729923486709594,
        0.13215001195669174,
        0.36889461159706116,
        1.1755416321754455,
        0.17553382396697997,
        0.07955351650714874,
        0.07795154631137848,
        0.07777739077806473,
        0.07874593108892441,
        0.07957165151834487,
        0.07806394398212432,
        0.0791159725189209,
        0.07970464587211609,
        0.07923976361751556,
        0.08366609364748001,
        0.08423323929309845,
        0.07897605031728744,
        0.07910719275474548,
        0.08063723534345626,
        0.08023498475551605,
        0.08162338316440582,
        0.08061903029680252,
        0.07970161199569702,
        0.07765963912010193,
        0.07768122345209122,
        0.07779170453548431,
        0.07810576438903809,
        0.07796753644943237,
        0.0779806661605835,
        0.07811567187309265,
        0.0791360005736351,
        0.07861357361078262,
        0.0799506089091301,
        0.07875142067670822,
        0.07796312838792802,
        0.07786281377077103,
        0.07770783483982086,
        0.07771721124649048,
        0.07781213760375977,
        0.07781229794025421,
        0.07784705996513366,
        0.07788428217172623,
        0.07803986966609955,
        0.07819862842559815,
        0.07788035869598389,
        0.07787888735532761,
        0.07773479163646697,
        0.07776039630174637,
        0.07773895502090454,
        0.07776952385902405,
        0.07786902576684952,
        0.0778542360663414,
        0.07775045812129974,
        0.0777134594321251,
        0.077700777053833,
        0.07775252997875214,
        0.07770727723836898,
        0.07771511495113373,
        0.07771708756685257,
        0.07773175835609436,
        0.0777394124865532,
        0.07773131012916565,
        0.07773584336042404,
        0.07772830843925477,
        0.07772623419761658,
        0.07773039549589157,
        0.07774847030639648,
        0.07772260159254074,
        0.07772447586059571,
        0.07772496193647385,
        0.07772596776485444,
        0.07772655427455902,
        0.07772659927606583
    ],
    "training_config": {
        "amp_enabled": true,
        "use_compile": false,
        "clip_grad": null,
        "device_type": "cuda",
        "cudnn_benchmark": true
    }
}