{
    "start_datetime": "2025-06-20 09:25:52",
    "training_duration_minutes": 0.399815293153127,
    "model_parameters": 456769,
    "system_specs": null,
    "simulation_time": 650,
    "dt": 10,
    "n_train": 10,
    "n_val": 2,
    "n_test": 0,
    "input_channels": 6,
    "sequence_length": 66,
    "epochs": 1000,
    "hidden_dims": [
        64,
        64
    ],
    "kernel_size": [
        3,
        3
    ],
    "scheduled_sampling": {
        "p0": 1.0,
        "p_min": 0.0,
        "decay_epochs": 200
    },
    "batch_size": 32,
    "epochs_trained": 17,
    "best_val_loss": 0.43798255920410156,
    "lr": 0.01,
    "scheduler": {
        "type": "ReduceLROnPlateau",
        "factor": 0.1,
        "patience": 10,
        "final_lr": 0.01,
        "early_stop_patience": 100
    },
    "loss_weights": {
        "mse": 1.0,
        "physics": 1.0,
        "boundary": 0.0
    },
    "losses": {
        "train": {
            "total": [
                0.12066742032766342,
                2.648500680923462,
                2.648500680923462,
                2.648500680923462,
                3.0034539699554443,
                2.3830406665802,
                1.445153832435608,
                0.8151895999908447,
                0.6358067989349365,
                0.5927486419677734,
                0.7117536664009094,
                0.6270025372505188,
                0.5579944252967834,
                0.4897194504737854,
                0.4211908280849457,
                0.3587400019168854,
                0.49109530448913574
            ],
            "mse": [
                0.11811038851737976,
                2.5461907386779785,
                2.5461907386779785,
                2.5461907386779785,
                2.887575149536133,
                2.2932255268096924,
                1.393358826637268,
                0.7888340950012207,
                0.616766095161438,
                0.5757687091827393,
                0.6914553046226501,
                0.6095338463783264,
                0.5425134897232056,
                0.476345419883728,
                0.40983521938323975,
                0.3495783507823944,
                0.4766996204853058
            ],
            "physics": [
                0.0025570308789610863,
                0.10230996459722519,
                0.10230996459722519,
                0.10230997204780579,
                0.11587874591350555,
                0.08981509506702423,
                0.05179499462246895,
                0.026355482637882233,
                0.019040726125240326,
                0.01697990670800209,
                0.02029837854206562,
                0.01746867597103119,
                0.015480958856642246,
                0.013374030590057373,
                0.011355610564351082,
                0.009161661379039288,
                0.014395673759281635
            ],
            "boundary": [
                106.61337280273438,
                1201.649169921875,
                1201.6492919921875,
                1201.6492919921875,
                994.1896362304688,
                660.141845703125,
                636.6485595703125,
                613.5003662109375,
                467.55877685546875,
                376.7823181152344,
                286.380126953125,
                285.207275390625,
                267.29638671875,
                222.22181701660156,
                202.4388885498047,
                186.06997680664062,
                181.88246154785156
            ]
        },
        "val": {
            "total": [
                2.638821840286255,
                2.638821840286255,
                2.638821840286255,
                2.432140350341797,
                2.0328145027160645,
                1.4505629539489746,
                0.7842205762863159,
                0.5499622821807861,
                0.5507608652114868,
                0.6241992712020874,
                0.6306354403495789,
                0.610887348651886,
                0.6016666889190674,
                0.5672340989112854,
                0.5922099351882935,
                0.4766904413700104,
                0.43798255920410156
            ],
            "mse": [
                2.5292093753814697,
                2.5292093753814697,
                2.5292093753814697,
                2.3322949409484863,
                1.9509930610656738,
                1.3950430154800415,
                0.7580814361572266,
                0.533022940158844,
                0.5342175960540771,
                0.6052597761154175,
                0.6115587949752808,
                0.5924755930900574,
                0.5836306810379028,
                0.5498319268226624,
                0.5729238986968994,
                0.46224841475486755,
                0.42513930797576904
            ],
            "physics": [
                0.10961256921291351,
                0.10961256921291351,
                0.10961256921291351,
                0.09984531998634338,
                0.081821508705616,
                0.05551991984248161,
                0.026139145717024803,
                0.01693933829665184,
                0.01654326170682907,
                0.01893947273492813,
                0.0190766341984272,
                0.018411729484796524,
                0.018035994842648506,
                0.017402170225977898,
                0.01928604021668434,
                0.014442027546465397,
                0.01284325122833252
            ],
            "boundary": [
                856.5925903320312,
                856.5925903320312,
                856.5925903320312,
                802.0149536132812,
                723.9849853515625,
                584.6674194335938,
                420.9903259277344,
                277.8528747558594,
                187.8101043701172,
                139.4840545654297,
                123.54583740234375,
                111.49078369140625,
                95.7274398803711,
                86.86970520019531,
                78.16931915283203,
                71.84420013427734,
                78.6275405883789
            ]
        }
    }
}