{
    "start_datetime": "2025-06-26 15:07:02",
    "training_duration_minutes": 1.804792082309723,
    "model_parameters": 456769,
    "system_specs": {
        "platform": "Linux-6.1.123+-x86_64-with-glibc2.35",
        "python_version": "3.11.13",
        "torch_version": "2.5.1+cu124",
        "cuda_available": true,
        "cuda_version": "12.4",
        "gpu_count": 1,
        "primary_gpu_name": "NVIDIA L4",
        "gpu_details": {
            "gpu_0": {
                "name": "NVIDIA L4",
                "memory_total_gb": 22.16,
                "compute_capability": "8.9",
                "multi_processor_count": 58
            }
        },
        "cpu_count_logical": 12,
        "cpu_count_physical": 6,
        "memory_total_gb": 52.96
    },
    "simulation_time": 650,
    "dt": 10,
    "n_train": 200,
    "n_val": 40,
    "n_test": 4,
    "input_channels": 6,
    "sequence_length": 66,
    "epochs": 1000,
    "hidden_dims": [
        64,
        64
    ],
    "kernel_size": [
        [
            3,
            3
        ],
        [
            3,
            3
        ]
    ],
    "scheduled_sampling": {
        "p0": 1.0,
        "p_min": 0.0,
        "decay_epochs": 200
    },
    "batch_size": 64,
    "lr": 1.0000000000000004e-08,
    "scheduler": {
        "type": "ReduceLROnPlateau",
        "factor": 0.1,
        "patience": 10,
        "final_lr": 1.0000000000000004e-08
    },
    "early_stop_patience": 100,
    "epochs_trained": 124,
    "best_val_loss": 0.21751122176647186,
    "train_loss": [
        1.8152531683444977,
        3.995741903781891,
        0.38139596581459045,
        0.28011490404605865,
        0.21394336596131325,
        0.1419116836041212,
        0.1008014976978302,
        0.07005925476551056,
        0.05045341793447733,
        0.035332088358700275,
        0.02687430428341031,
        0.020073676016181707,
        0.01601305464282632,
        0.013398561626672745,
        0.01196386874653399,
        0.009119183523580432,
        0.007314877351745963,
        0.00665019906591624,
        0.006593987229280174,
        0.0058371409540995955,
        0.005340302363038063,
        0.004846711235586554,
        0.004936258075758815,
        0.004683121747802943,
        0.0045536506222561,
        0.004823344526812434,
        0.004599901847541332,
        0.004582099849358201,
        0.0045307897962629795,
        0.004325109941419214,
        0.004670147551223636,
        0.004234589287079871,
        0.0042335063917562366,
        0.004148613603319973,
        0.0040245066047646105,
        0.004599809879437089,
        0.005125678493641317,
        0.004178053815849125,
        0.004674951429478824,
        0.004345469991676509,
        0.004755590460263193,
        0.00443215377163142,
        0.004312314675189555,
        0.004473147739190608,
        0.004169164982158691,
        0.004970854497514665,
        0.004655582248233259,
        0.004127553664147854,
        0.004555951280053705,
        0.004221395298372954,
        0.004264176241122186,
        0.004383160616271198,
        0.004658475110772997,
        0.004248160810675472,
        0.00427211745409295,
        0.004450983600690961,
        0.004411641741171479,
        0.004693718045018613,
        0.004349462455138564,
        0.004545930656604469,
        0.004417157033458352,
        0.004932024283334613,
        0.004320119565818459,
        0.00425993197131902,
        0.00424960843520239,
        0.005396815482527018,
        0.004439416283275932,
        0.0044397422461770475,
        0.004831406520679593,
        0.004439423209987581,
        0.005006337654776871,
        0.0044662964646704495,
        0.004744027508422732,
        0.0046954595018178225,
        0.004498411959502846,
        0.004712391761131585,
        0.004616856575012207,
        0.004743490135297179,
        0.0044951350428164005,
        0.004869913915172219,
        0.004492147185374051,
        0.004632526659406722,
        0.004435890063177794,
        0.004770884057506919,
        0.005209940951317549,
        0.004745416226796806,
        0.0048992716474458575,
        0.004821761162020266,
        0.005560914287343621,
        0.004888114868663251,
        0.0052415389800444245,
        0.0046581721981056035,
        0.005262712482362986,
        0.005095227854326367,
        0.005019530421122909,
        0.0051574313547462225,
        0.005899385898374021,
        0.005352304549887776,
        0.006316694780252874,
        0.005092336796224117,
        0.005613945657387376,
        0.00523409282322973,
        0.005476421443745494,
        0.005226815934292972,
        0.004924214445054531,
        0.005116917425766587,
        0.005433716811239719,
        0.005288804997690022,
        0.005243901745416224,
        0.005547241657041013,
        0.00506725040031597,
        0.005374320666305721,
        0.005440317094326019,
        0.0052780077094212174,
        0.005527088884264231,
        0.005398708744905889,
        0.005377939553000033,
        0.005734904669225216,
        0.005751980468630791,
        0.005399796413257718,
        0.005650691105984151,
        0.0053654121002182364,
        0.005926111596636474,
        0.005946493474766612
    ],