{
    "start_datetime": "2025-06-25 06:39:08",
    "training_duration_minutes": 0.5114676833152771,
    "model_parameters": 456769,
    "system_specs": null,
    "simulation_time": 650,
    "dt": 10,
    "n_train": 10,
    "n_val": 2,
    "n_test": 0,
    "input_channels": 6,
    "sequence_length": 66,
    "epochs": 1000,
    "hidden_dims": [
        64,
        64
    ],
    "kernel_size": [
        3,
        3
    ],
    "scheduled_sampling": {
        "p0": 1.0,
        "p_min": 0.0,
        "decay_epochs": 200
    },
    "batch_size": 64,
    "epochs_trained": 64,
    "best_val_loss": 0.017671387642621994,
    "lr": 0.001,
    "scheduler": {
        "type": "ReduceLROnPlateau",
        "factor": 0.1,
        "patience": 10,
        "final_lr": 0.001,
        "early_stop_patience": 100
    },
    "loss_weights": {
        "mse": 0.0,
        "physics": 1.0,
        "boundary": 1e-05
    },
    "losses": {
        "train": {
            "total": [
                0.04701617732644081,
                0.10572017729282379,
                0.04492137208580971,
                0.0607382096350193,
                0.051183559000492096,
                0.042807675898075104,
                0.03887691721320152,
                0.03436616435647011,
                0.033911824226379395,
                0.03218111768364906,
                0.03073667362332344,
                0.029736608266830444,
                0.02794630266726017,
                0.0264953151345253,
                0.0253752451390028,
                0.02506474032998085,
                0.022150950506329536,
                0.032322801649570465,
                0.022547658532857895,
                0.022939441725611687,
                0.02150178886950016,
                0.01949154958128929,
                0.02034795843064785,
                0.025449203327298164,
                0.023257538676261902,
                0.02071513421833515,
                0.02328890562057495,
                0.01974639669060707,
                0.021775364875793457,
                0.018976476043462753,
                0.025287458673119545,
                0.021310046315193176,
                0.025096073746681213,
                0.024653634056448936,
                0.024710848927497864,
                0.022574465721845627,
                0.01931096613407135,
                0.01725713536143303,
                0.01676667295396328,
                0.01564307138323784,
                0.014977808110415936,
                0.014896458014845848,
                0.014709057286381721,
                0.014429353177547455,
                0.014199330471456051,
                0.01395540963858366,
                0.013829521834850311,
                0.01377005036920309,
                0.013637369498610497,
                0.013391628861427307,
                0.013134920969605446,
                0.01293126679956913,
                0.012824504636228085,
                0.012721268460154533,
                0.012535215355455875,
                0.012409316375851631,
                0.012224357575178146,
                0.012137752957642078,
                0.012032309547066689,
                0.011925850063562393,
                0.011729450896382332,
                0.011518514715135098,
                0.011425808072090149,
                0.011363922618329525
            ],
            "mse": [
                1.257652997970581,
                2.4608538150787354,
                1.213963270187378,
                1.5701472759246826,
                1.327704906463623,
                1.0889701843261719,
                0.9598706364631653,
                0.9120921492576599,
                0.8882948160171509,
                0.8304746747016907,
                0.7912547588348389,
                0.7790957689285278,
                0.7408255934715271,
                0.7036135792732239,
                0.6815662980079651,
                0.6712345480918884,
                0.5980781316757202,
                0.8849635124206543,
                0.6236230731010437,
                0.6203926205635071,
                0.5837230086326599,
                0.5378698706626892,
                0.5656364560127258,
                0.6670350432395935,
                0.6154706478118896,
                0.5804852247238159,
                0.6506205201148987,
                0.5376696586608887,
                0.5907334685325623,
                0.5192970633506775,
                0.6893695592880249,
                0.5733409523963928,
                0.6562737822532654,
                0.6509425044059753,
                0.6680611968040466,
                0.625907838344574,
                0.5442968010902405,
                0.4957224428653717,
                0.48563235998153687,
                0.45524507761001587,
                0.4343815743923187,
                0.43177467584609985,
                0.4267428517341614,
                0.42012351751327515,
                0.41464242339134216,
                0.4088350832462311,
                0.40607956051826477,
                0.40496915578842163,
                0.4018184244632721,
                0.3952816128730774,
                0.3881681263446808,
                0.382910817861557,
                0.3794199824333191,
                0.37603703141212463,
                0.3720302879810333,
                0.36841049790382385,
                0.3629392087459564,
                0.36039498448371887,
                0.3580905497074127,
                0.3548475503921509,
                0.34986209869384766,
                0.34448879957199097,
                0.3416324555873871,
                0.33965253829956055
            ],