{
    "start_datetime": "2025-06-16 18:06:12",
    "training_duration_minutes": 87.34152742226918,
    "model_parameters": 448321,
    "system_specs": {
        "platform": "Windows-10-10.0.19041-SP0",
        "python_version": "3.9.21",
        "torch_version": "2.5.1",
        "cuda_available": true,
        "cuda_version": "11.8",
        "gpu_count": 1,
        "primary_gpu_name": "NVIDIA GeForce GTX 1050",
        "gpu_details": {
            "gpu_0": {
                "name": "NVIDIA GeForce GTX 1050",
                "memory_total_gb": 2.0,
                "compute_capability": "6.1",
                "multi_processor_count": 5
            }
        },
        "cpu_count_logical": 6,
        "cpu_count_physical": 6,
        "memory_total_gb": 15.92
    },
    "simulation_time": 50,
    "dt": 1,
    "n_train": 1000,
    "n_val": 200,
    "n_test": 20,
    "input_channels": 6,
    "sequence_length": 51,
    "epochs": 1000,
    "hidden_dims": [
        64
    ],
    "kernel_size": [
        [
            5,
            5
        ]
    ],
    "scheduled_sampling": {
        "p0": 1.0,
        "p_min": 0.0,
        "decay_epochs": 200
    },
    "batch_size": 32,
    "lr": 1.0000000000000004e-08,
    "scheduler": {
        "type": "ReduceLROnPlateau",
        "factor": 0.1,
        "patience": 10,
        "final_lr": 1.0000000000000004e-08
    },
    "early_stop_patience": 50,
    "epochs_trained": 188,
    "best_val_loss": 0.0025895860245717423,
    "train_loss": [
        0.527379353530705,
        0.20731805404648185,
        0.15887447306886315,
        0.07401690818369389,
        0.036636866512708366,
        0.019513045874191448,
        0.014410410251002759,
        0.007213486729597207,
        0.004599571264407132,
        0.0037567112158285454,
        0.0027543141186470166,
        0.00263244888628833,
        0.0019550939359760378,
        0.001911483701405814,
        0.002536068295739824,
        0.006418012555513997,
        0.0020899230730719864,
        0.0010099627706949832,
        0.0008049698335526045,
        0.0007511987223551841,
        0.00067793607195199,
        0.0007307411324291024,
        0.0009180398792523192,
        0.0006034735779394396,
        0.0007581454437968205,
        0.0006425669389500399,
        0.0008956615083661745,
        0.0005301980445437948,
        0.0030020325602890807,
        0.003858313571981853,
        0.0008021821395232109,
        0.0005084593003630289,
        0.0004653013975257636,
        0.0004298220273994957,
        0.0004093300694876234,
        0.00039069715421646833,
        0.0003801674911301234,
        0.00036443929911911255,
        0.0003533916669766768,
        0.0003448012539593037,
        0.0003357765563123394,
        0.00033117954262706917,
        0.0003232691096854978,
        0.00031531177774013486,
        0.0003087729837716324,
        0.00030537196835211944,
        0.00029638115029229084,
        0.0002915303466579644,
        0.00028460102612370974,
        0.00027978336220257916,
        0.00027661584681482054,
        0.0002711538440962613,
        0.00026693620793594164,
        0.0002660050035956374,
        0.00025933982396963984,
        0.00025593741247575963,
        0.00025092615533139906,
        0.0002481614196767623,
        0.00024404493251495296,
        0.00024109977903208346,
        0.0002372376980019908,
        0.00023470538417313946,
        0.00023021553352009505,
        0.00023082479856384452,
        0.00022419429433284677,
        0.0002224564868811285,
        0.0002195826887145813,
        0.0002163076565011579,
        0.000214781171962386,
        0.000211105879770912,
        0.00020940638160027447,
        0.00020598698711182806,
        0.00020370311767692328,
        0.00019972623385910993,
        0.0001971185183720081,
        0.0001946905044860614,
        0.0001935172981575306,
        0.00019077274191658944,
        0.00018922614890470868,
        0.00018757446696326951,
        0.00018508598986954894,
        0.00018344228010391816,
        0.00018076894411933608,
        0.00017634876394367893,
        0.00017479071038906113,
        0.0001737723528094648,
        0.0001709630496407044,
        0.00017115140371970483,
        0.00016689137100911466,
        0.00016625852367724292,
        0.00016465758153572096,
        0.00016252355749202252,
        0.00016014229913707823,
        0.00016026272760427673,
        0.0001601452993327257,
        0.00015955099024722585,
        0.00016170147000593715,
        0.00016053640820246073,
        0.00016214286097238073,
        0.0001618436699573067,
        0.0001622710192350496,
        0.0001630723372727516,
        0.00016290818939523888,
        0.00016439416140201502,
        0.0001629880666769168,
        0.0001662005479374784,
        0.00016469885713377153,
        0.00016440064609923866,
        0.00016614759215372032,
        0.00016563081180720474,
        0.00016598747333773645,
        0.00016684222282492556,
        0.0001684698654571548,
        0.00016763542089393013,
        0.00016717221024009632,
        0.00016762484847276937,
        0.00016820111704873852,
        0.00016942878619374824,
        0.00017033542826538906,
        0.00017094653912863578,
        0.0001721488179100561,
        0.00017200246793436236,
        0.00017230431285497616,
        0.000171973408669146,
        0.00017267934254050488,
        0.00017328346257272642,
        0.00017441339832657832,
        0.0001754288214215194,
        0.00017676535526334192,
        0.00017667265910858987,
        0.00017863093080450199,
        0.00017874541708806646,
        0.00018202433739133994,
        0.00018220970741822384,
        0.00018308791413801373,
        0.00018393208210909506,
        0.00018511651069275104,
        0.00018723613129623118,
        0.00018882468521042028,
        0.0001909469347083359,
        0.00019059932310483418,
        0.00019258992188042612,
        0.00019487258032313548,
        0.00019631906388895004,
        0.0001959427427209448,
        0.0001991183062273194,
        0.00019939698449888965,
        0.00020349551004983368,
        0.00020427974277481553,
        0.0002071160938612593,
        0.0002111749859068368,
        0.0002101202676385583,
        0.00021240296246105572,
        0.00021581327291642083,
        0.0002186473730034777,
        0.0002221576150986948,
        0.00022570853934666957,
        0.0002281368206240586,
        0.00022887598015586264,
        0.00023333573381023598,
        0.00023435006369254552,
        0.0002401467463641893,
        0.00024401198879786534,
        0.00024750033981035813,
        0.00025144551227640477,
        0.00025544478057781816,
        0.00026010791452790727,
        0.0002665055976649455,
        0.0002687780311134702,
        0.00027589197543420596,
        0.00028234289811734925,
        0.000288363112758816,
        0.0002954839092126349,
        0.000300371422781609,
        0.0003083741453338007,
        0.0003206590645277174,
        0.0003273944994361955,
        0.00034237327963637654,
        0.0003502119006952853,
        0.00036293871107773157,
        0.0003750490486709168,
        0.0003873546093018376,
        0.00040284437000082107,
        0.0004271263169357553,
        0.0004386473465274321,
        0.00046556981396861374,
        0.0004902141708953422,
        0.0005166008340893313
    ],