{
    "start_datetime": "2025-06-10 22:06:45",
    "training_duration_minutes": 115.86162266731262,
    "model_parameters": 456769,
    "system_specs": null,
    "simulation_time": 650,
    "dt": 10,
    "n_train": 1000,
    "n_val": 200,
    "n_test": 20,
    "input_channels": 6,
    "sequence_length": 66,
    "epochs": 1000,
    "hidden_dims": [
        64,
        64
    ],
    "kernel_size": [
        3,
        3
    ],
    "scheduled_sampling": {
        "p0": 1.0,
        "p_min": 0.0,
        "decay_epochs": 200
    },
    "batch_size": 16,
    "lr": 1.0000000000000004e-08,
    "scheduler": {
        "type": "ReduceLROnPlateau",
        "factor": 0.1,
        "patience": 10,
        "final_lr": 1.0000000000000004e-08
    },
    "early_stop_patience": 50,
    "epochs_trained": 278,
    "best_val_loss": 0.00015264691039472102,
    "train_loss": [
        0.22743665084006295,
        0.004609641800117161,
        0.0025858663037301058,
        0.002647754401781611,
        0.0016526566607700218,
        0.0020059721049157874,
        0.0008634709991470334,
        0.0006120820508508514,
        0.00032948301541471176,
        0.00024725629676443833,
        0.00018967181261229728,
        0.00017765510964968672,
        0.00014227090772086134,
        0.002248252914998577,
        0.001172704472703608,
        0.00014966754459901638,
        0.00011939886416445324,
        0.00010141407868119016,
        0.00010247941365435956,
        7.225171302995895e-05,
        6.24361321873342e-05,
        0.00016094897179596407,
        9.068770414737556e-05,
        4.068489527396325e-05,
        3.896890334472696e-05,
        3.864126746419869e-05,
        3.821302472340268e-05,
        3.7708281640320026e-05,
        3.737008681503265e-05,
        3.682983977284046e-05,
        3.64039978382015e-05,
        3.6027180353162945e-05,
        3.566948298756624e-05,
        3.519427027351903e-05,
        3.486224055190438e-05,
        3.462155481905765e-05,
        3.4044702578472744e-05,
        3.379456399078851e-05,
        3.332098871367865e-05,
        3.272783714425122e-05,
        3.233442871460861e-05,
        3.201926085152774e-05,
        3.161538699627965e-05,
        3.172250237387036e-05,
        3.1275043771269596e-05,
        3.196884005326807e-05,
        3.751714050142457e-05,
        5.370801146556106e-05,
        6.932363664548445e-05,
        6.156742846730003e-05,
        5.0855401255715164e-05,
        4.2916836358176265e-05,
        4.0953872095477504e-05,
        4.482875934511881e-05,
        4.94539231040685e-05,
        4.903498229973521e-05,
        3.1429364291455834e-05,
        2.6664858437254136e-05,
        2.6552291866022323e-05,
        2.651336407801691e-05,
        2.6432565781371003e-05,
        2.683059871728007e-05,
        2.652641604880854e-05,
        2.640502827402781e-05,
        2.6303658535378794e-05,
        2.640756905575039e-05,
        2.6291896199201425e-05,
        2.631525283158269e-05,
        2.629408966943932e-05,
        2.627597097584623e-05,
        2.628548631152611e-05,
        2.6234113459987197e-05,
        2.621987640316273e-05,
        2.618378043518446e-05,
        2.6096301827771915e-05,
        2.611531895776612e-05,
        2.6116716721194928e-05,
        2.6088090187783116e-05,
        2.600079157370298e-05,
        2.610016827742266e-05,
        2.5972708716012893e-05,
        2.5977249664258182e-05,
        2.6018249569922715e-05,
        2.5885537431191e-05,
        2.5870449087325674e-05,
        2.5844208519427208e-05,
        2.5977336860258162e-05,
        2.5770939193159668e-05,
        2.567982509000493e-05,
        2.564240850684684e-05,
        2.556480582810879e-05,
        2.562444578437689e-05,
        2.5399393861233773e-05,
        2.5375041317717646e-05,
        2.539573007010086e-05,
        2.561398919386279e-05,
        2.580068937118446e-05,
        2.64974526558829e-05,
        2.792025860265038e-05,
        3.0750011824744026e-05,
        3.9466353175359676e-05,
        5.655955574761648e-05,
        6.424758514243415e-05,
        5.443105374791822e-05,
        4.4959197054147747e-05,
        3.9135103107250796e-05,
        2.8485772995664442e-05,
        2.478099864559241e-05,
        2.485865390178607e-05,
        2.4946568604689904e-05,
        2.5096239787960675e-05,
        2.5034864746784377e-05,
        2.5183286515317696e-05,
        2.527266403217615e-05,
        2.5380758863378553e-05,
        2.551254314427737e-05,
        2.5562815189625818e-05,
        2.571732788748618e-05,
        2.5806690534828083e-05,
        2.590309477887959e-05,
        2.6386276543249435e-05,
        2.6162040422417385e-05,
        2.623724417173348e-05,
        2.6353538025490245e-05,
        2.6450634178463442e-05,
        2.6570862679537165e-05,
        2.6680785219743107e-05,
        2.679118176548934e-05,
        2.689619788494412e-05,
        2.706795133971831e-05,
        2.7132563835558748e-05,
        2.733857876418846e-05,
        2.7576889243348324e-05,
        2.7692991352523677e-05,
        2.7619930199487875e-05,
        2.7861784445352865e-05,
        2.783958555641769e-05,
        2.8170715426861694e-05,
        2.8309414985761533e-05,
        2.8565715472232402e-05,
        2.872777200998768e-05,
        2.8740764242857474e-05,
        2.898984833639891e-05,
        2.9008927081050055e-05,
        2.926417850147349e-05,
        2.9408462762062082e-05,
        2.9715361066221717e-05,
        2.9923847279629657e-05,
        3.0180972432375826e-05,
        3.0165049316738512e-05,
        3.0296608331679765e-05,
        3.0831112910943504e-05,
        3.091243138081313e-05,
        3.111100797093333e-05,
        3.123349935257076e-05,
        3.135891907616511e-05,
        3.178596087973491e-05,
        3.184917647833197e-05,
        3.212246681667036e-05,
        3.266383077610203e-05,
        3.272458464683344e-05,
        3.369147906062334e-05,
        3.482764389316019e-05,
        3.460663362010752e-05,
        3.482316340465794e-05,
        3.540055042812749e-05,
        3.614215815364982e-05,
        3.650662123589658e-05,
        3.659980765882037e-05,
        3.722197049235489e-05,
        3.6587404143314674e-05,
        3.746907601626368e-05,
        3.9244709489774696e-05,
        3.9055721745604564e-05,
        3.939669711274162e-05,
        4.0146257286699166e-05,
        4.15878281591364e-05,
        4.222570359637584e-05,
        4.365038492121837e-05,
        4.0822844543043406e-05,
        4.14667424232152e-05,
        4.2240932897483515e-05,
        4.370312481547617e-05,
        4.451842081228582e-05,
        4.594284358077742e-05,
        4.806256777281681e-05,
        4.937037524613847e-05,
        5.100798778816141e-05,
        5.3485860715025207e-05,
        5.593138987370323e-05,
        5.813458165715611e-05,
        6.235835918766772e-05,
        6.559829247028877e-05,
        7.028514508939614e-05,
        7.616232092943161e-05,
        8.26495095333528e-05,
        9.132116206779351e-05,
        0.00010250380578254985,
        0.00011516200798463874,
        0.00013654135996364944,
        0.0001690316547331075,
        0.00017938961178833057,
        0.00016884056799065705,
        0.00016331290484346923,
        0.00016286315688390343,
        0.0001619887095460269,
        0.00016024025246715322,
        0.0001641852414606893,
        0.00015884992033187744,
        0.00015973202521092302,
        0.0001565267290090329,
        0.0001580615848762959,
        0.00015606299781384657,
        0.00015304347886870216,
        0.00015177539471695792,
        0.0001549584530515685,
        0.00015251866866564673,
        0.00015759906564776356,
        0.00015328892544540207,
        0.00015263936178858524,
        0.00015112548331556368,
        0.00014925773852848492,
        0.00014997815395916057,
        0.00015277029795845645,
        0.00015053011768955795,
        0.0001507677964308107,
        0.0001511597828727053,
