{
    "start_datetime": "2025-06-25 08:16:19",
    "training_duration_minutes": 0.5229880770047506,
    "model_parameters": 456769,
    "system_specs": {
        "platform": "Linux-6.1.123+-x86_64-with-glibc2.35",
        "python_version": "3.11.13",
        "torch_version": "2.5.1+cu124",
        "cuda_available": true,
        "cuda_version": "12.4",
        "gpu_count": 1,
        "primary_gpu_name": "NVIDIA L4",
        "gpu_details": {
            "gpu_0": {
                "name": "NVIDIA L4",
                "memory_total_gb": 22.16,
                "compute_capability": "8.9",
                "multi_processor_count": 58
            }
        },
        "cpu_count_logical": 12,
        "cpu_count_physical": 6,
        "memory_total_gb": 52.96
    },
    "simulation_time": 650,
    "dt": 10,
    "n_train": 50,
    "n_val": 10,
    "n_test": 1,
    "input_channels": 6,
    "sequence_length": 66,
    "epochs": 1000,
    "hidden_dims": [
        64,
        64
    ],
    "kernel_size": [
        [
            3,
            3
        ],
        [
            3,
            3
        ]
    ],
    "scheduled_sampling": {
        "p0": 1.0,
        "p_min": 0.0,
        "decay_epochs": 200
    },
    "batch_size": 64,
    "lr": 1.0000000000000004e-08,
    "scheduler": {
        "type": "ReduceLROnPlateau",
        "factor": 0.1,
        "patience": 10,
        "final_lr": 1.0000000000000004e-08
    },
    "early_stop_patience": 100,
    "epochs_trained": 110,
    "best_val_loss": 0.6248124241828918,
    "train_loss": [
        1.0490974187850952,
        1.475164771080017,
        1.4764971733093262,
        0.6857985258102417,
        2.0251126289367676,
        2.041809320449829,
        0.7278717160224915,
        0.5131711959838867,
        0.8534963130950928,
        0.7517406344413757,
        0.8951584696769714,
        0.3940693438053131,
        0.5688273310661316,
        0.37712857127189636,
        0.38535475730895996,
        0.34764736890792847,
        0.3251851201057434,
        0.28276556730270386,
        0.25136709213256836,
        0.21147730946540833,
        0.18765009939670563,
        0.16570964455604553,
        0.15687182545661926,
        0.15409712493419647,
        0.1505001038312912,
        0.1475573033094406,
        0.1457904428243637,
        0.1449456512928009,
        0.1441667377948761,
        0.14242304861545563,
        0.14000436663627625,
        0.13769015669822693,
        0.13633441925048828,
        0.1364315152168274,
        0.13645580410957336,
        0.1364089399576187,
        0.13692088425159454,
        0.13662384450435638,
        0.13659225404262543,
        0.1366383582353592,
        0.136536106467247,
        0.13656066358089447,
        0.13627281785011292,
        0.13617894053459167,
        0.13631728291511536,
        0.1361953318119049,
        0.13626396656036377,
        0.13665986061096191,
        0.1367965042591095,
        0.13734427094459534,
        0.1373891532421112,
        0.137936532497406,
        0.13799268007278442,
        0.13817717134952545,
        0.13845957815647125,
        0.13838925957679749,
        0.13885800540447235,
        0.13931399583816528,
        0.13993123173713684,
        0.13981293141841888,
        0.1406375616788864,
        0.14052020013332367,
        0.14062848687171936,
        0.14120568335056305,
        0.14117328822612762,
        0.14150771498680115,
        0.14235471189022064,
        0.14256036281585693,
        0.14315927028656006,
        0.14324551820755005,
        0.14332790672779083,
        0.1439933031797409,
        0.14468342065811157,
        0.14472165703773499,
        0.14509576559066772,
        0.14559617638587952,
        0.145860955119133,
        0.14605282247066498,
        0.14670881628990173,
        0.14712858200073242,
        0.14783182740211487,
        0.14795735478401184,
        0.14808613061904907,
        0.14862260222434998,
        0.14897610247135162,
        0.14955642819404602,
        0.14969021081924438,
        0.1505764126777649,
        0.15084783732891083,
        0.15133139491081238,
        0.15215420722961426,
        0.15261344611644745,
        0.15378807485103607,
        0.1536555141210556,
        0.1543397307395935,
        0.15438513457775116,
        0.1555388867855072,
        0.15642155706882477,
        0.15647149085998535,
        0.15767671167850494,
        0.1579585075378418,
        0.1581323891878128,
        0.15997783839702606,
        0.1600950062274933,
        0.16010072827339172,
        0.16171112656593323,
        0.16190600395202637,
        0.16272574663162231,
        0.16416282951831818,
        0.16415183246135712
    ],
    "val_loss": [
        1.8682498931884766,
        1.8682498931884766,
        1.0599207878112793,
        3.881939172744751,
        3.881939172744751,
        1.3780560493469238,
        1.078758716583252,
        1.200330138206482,
        0.974690318107605,
        1.254642367362976,
        0.6248124241828918,
        2.1557085514068604,
        1.5711742639541626,
        1.2276816368103027,
        1.2695263624191284,
        1.3134562969207764,
        1.275445580482483,
        1.2566776275634766,
        1.2859411239624023,
        1.235633134841919,
        1.2544775009155273,
        1.4145448207855225,
        1.4429186582565308,
        1.4813371896743774,
        1.5366160869598389,
        1.5986558198928833,
        1.5051380395889282,
        1.5136526823043823,
        1.5417662858963013,
        1.4838666915893555,
        1.3577858209609985,
        1.4253026247024536,
        1.3288917541503906,
        1.3398703336715698,
        1.3363416194915771,
        1.3321399688720703,
        1.3211579322814941,
        1.3246287107467651,
        1.3139833211898804,
        1.3050673007965088,
        1.305910348892212,
        1.306452989578247,
        1.3065534830093384,
        1.3063067197799683,
        1.3062076568603516,
        1.306213140487671,
        1.3061809539794922,
        1.3062928915023804,
        1.305851936340332,
        1.3056062459945679,
        1.3052270412445068,
        1.304895043373108,
        1.3042843341827393,
        1.303587794303894,
        1.3030102252960205,
        1.303060531616211,
        1.302960991859436,
        1.3029323816299438,
        1.3029024600982666,
        1.3028672933578491,
        1.3027719259262085,
        1.302626132965088,
        1.3025386333465576,
        1.3023520708084106,
        1.3022937774658203,
        1.3022024631500244,
        1.3021371364593506,
        1.3021329641342163,
        1.3020961284637451,
        1.3021279573440552,
        1.3020830154418945,
        1.3020305633544922,
        1.3020304441452026,
        1.3020392656326294,
        1.301953673362732,
        1.301940679550171,
        1.3019583225250244,
        1.3019018173217773,
        1.3018823862075806,
        1.3018666505813599,
        1.301862359046936,
        1.3018851280212402,
        1.3018405437469482,
        1.301883339881897,
        1.3018579483032227,
        1.3018856048583984,
        1.3018831014633179,
        1.3019057512283325,
        1.3018838167190552,
        1.3019124269485474,
        1.3018784523010254,
        1.30189847946167,
        1.30191171169281,
        1.3018983602523804,
        1.3018444776535034,
        1.3018734455108643,
        1.301877737045288,
        1.3018890619277954,
        1.3019064664840698,
        1.3018685579299927,
        1.3018360137939453,
        1.301884412765503,
        1.3018929958343506,
        1.3018385171890259,
        1.3018571138381958,
        1.3017839193344116,
        1.3018640279769897,
        1.3017982244491577,
        1.301807165145874,
        1.3018063306808472
    ],
    "training_config": {
        "amp_enabled": true,
        "use_compile": false,
        "clip_grad": null,
        "device_type": "cuda",
        "cudnn_benchmark": true
    }
}