{
    "start_datetime": "2025-06-05 16:15:05",
    "training_duration_minutes": 3414.3894875645638,
    "model_parameters": 456769,
    "system_specs": null,
    "simulation_time": 1000,
    "dt": 2,
    "n_train": 1000,
    "n_val": 200,
    "n_test": 20,
    "input_channels": 6,
    "sequence_length": 501,
    "epochs": 1000,
    "hidden_dims": [
        64,
        64
    ],
    "kernel_size": [
        3,
        3
    ],
    "scheduled_sampling": {
        "p0": 1.0,
        "p_min": 0.0,
        "decay_epochs": 200
    },
    "batch_size": 16,
    "lr": 1.0000000000000002e-06,
    "scheduler": {
        "type": "ReduceLROnPlateau",
        "factor": 0.1,
        "patience": 10,
        "final_lr": 1.0000000000000002e-06
    },
    "early_stop_patience": 50,
    "epochs_trained": 55,
    "best_val_loss": 0.15690774871752813,
    "train_loss": [
        0.2687320678775746,
        0.006583008006037701,
        0.0016544142383195105,
        0.0009401754516782979,
        0.0016263687996090287,
        0.0005473268679380121,
        0.0003825162601147202,
        0.0010688005200964177,
        0.16423636274218248,
        0.41595601728038184,
        0.758373626167812,
        0.8242159485816956,
        0.47252589889935087,
        0.3479858613203442,
        0.32963553354853675,
        0.3205185385923537,
        0.30968453770592097,
        0.28072749882463427,
        0.27310333199917325,
        0.2668373426274648,
        0.25996886903331395,
        0.2472835566316332,
        0.2415468349816307,
        0.23902414242426553,
        0.2329742671951415,
        0.22809420194890764,
        0.22306249018699403,
        0.2170689179310723,
        0.21347485364429533,
        0.21424355984680235,
        0.2137768923763245,
        0.2133237523218942,
        0.2130212045851208,
        0.21298369717976404,
        0.21274457588082268,
        0.2134471694155345,
        0.21245375393875063,
        0.21246819103521014,
        0.21206883376552946,
        0.21189128926822118,
        0.2124803104097881,
        0.21333190680496275,
        0.21204979954257844,
        0.21105295490650905,
        0.2116997464308663,
        0.21149996372442398,
        0.21172882663825202,
        0.21182469479621402,
        0.21214050196465992,
        0.2121919682101598,
        0.212645685152402,
        0.21312325270403,
        0.21339539071870228,
        0.2143578105975711,
        0.21468393693840693
    ],
    "val_loss": [
        0.6391540891849078,
        0.28503035123531634,
        0.6817124921541947,
        0.23838624358177185,
        0.39048875639071834,
        0.15690774871752813,
        0.5457336489970868,
        3.1781830054063063,
        0.9177468006427472,
        1.2416452123568609,
        1.4009491388614361,
        0.9691575857309195,
        0.8749610323172349,
        0.6890625357627869,
        0.637412068935541,
        0.6445698508849511,
        0.7759062556120065,
        0.6510304877391229,
        0.6584042448263902,
        0.6959692996281844,
        0.704564997783074,
        0.7141711826507862,
        0.6704261600971222,
        0.6883701292368082,
        0.651031324496636,
        0.6865661992476537,
        0.6797542251073397,
        0.6437345880728501,
        0.6591598804180439,
        0.6516625743645889,
        0.6375243870111612,
        0.6447906769238986,
        0.6538647917600778,
        0.64270130946086,
        0.6484724764640515,
        0.6449568569660187,
        0.641210329074126,
        0.6362473460344168,
        0.6466984382042518,
        0.6423329137838804,
        0.6413690608281356,
        0.6410660101817205,
        0.639535326224107,
        0.6407129374834207,
        0.6395986767915579,
        0.6386545483882611,
        0.6388409458673917,
        0.638425948528143,
        0.6376231633699857,
        0.6364423219974225,
        0.636370626779703,
        0.6362604132065406,
        0.6361923103149121,
        0.6358103293638963,
        0.635505192554914
    ]
}