{
    "start_datetime": "2025-06-25 08:15:15",
    "training_duration_minutes": 0.5074791590372721,
    "model_parameters": 456769,
    "system_specs": {
        "platform": "Linux-6.1.123+-x86_64-with-glibc2.35",
        "python_version": "3.11.13",
        "torch_version": "2.5.1+cu124",
        "cuda_available": true,
        "cuda_version": "12.4",
        "gpu_count": 1,
        "primary_gpu_name": "NVIDIA L4",
        "gpu_details": {
            "gpu_0": {
                "name": "NVIDIA L4",
                "memory_total_gb": 22.16,
                "compute_capability": "8.9",
                "multi_processor_count": 58
            }
        },
        "cpu_count_logical": 12,
        "cpu_count_physical": 6,
        "memory_total_gb": 52.96
    },
    "simulation_time": 650,
    "dt": 10,
    "n_train": 10,
    "n_val": 2,
    "n_test": 0,
    "input_channels": 6,
    "sequence_length": 66,
    "epochs": 1000,
    "hidden_dims": [
        64,
        64
    ],
    "kernel_size": [
        [
            3,
            3
        ],
        [
            3,
            3
        ]
    ],
    "scheduled_sampling": {
        "p0": 1.0,
        "p_min": 0.0,
        "decay_epochs": 200
    },
    "batch_size": 64,
    "lr": 1.0000000000000004e-08,
    "scheduler": {
        "type": "ReduceLROnPlateau",
        "factor": 0.1,
        "patience": 10,
        "final_lr": 1.0000000000000004e-08
    },
    "early_stop_patience": 100,
    "epochs_trained": 108,
    "best_val_loss": 0.6752505302429199,
    "train_loss": [
        1.313068151473999,
        2.207223415374756,
        2.2091798782348633,
        2.2108969688415527,
        2.062270164489746,
        1.0342236757278442,
        0.5879296660423279,
        0.6350187063217163,
        0.45291632413864136,
        0.3961877226829529,
        0.44539734721183777,
        0.3731440305709839,
        0.3184869587421417,
        0.26048582792282104,
        0.2284957766532898,
        0.19076679646968842,
        0.1643635630607605,
        0.1492963433265686,
        0.14467410743236542,
        0.13146163523197174,
        0.11777802556753159,
        0.1155674159526825,
        0.11323641985654831,
        0.10961037874221802,
        0.1059768944978714,
        0.1016496866941452,
        0.09819959849119186,
        0.0944729819893837,
        0.09172901511192322,
        0.09009087830781937,
        0.088462233543396,
        0.08634849637746811,
        0.08608724176883698,
        0.08636143803596497,
        0.08643113076686859,
        0.08593548834323883,
        0.0857434794306755,
        0.0853329598903656,
        0.08531254529953003,
        0.08445946872234344,
        0.08450443297624588,
        0.0846114233136177,
        0.08448272943496704,
        0.08427911251783371,
        0.08442048728466034,
        0.08438698202371597,
        0.08482157438993454,
        0.08489680290222168,
        0.08454696089029312,
        0.08484876900911331,
        0.08502883464097977,
        0.08494675159454346,
        0.08518588542938232,
        0.08523643761873245,
        0.08515260368585587,
        0.08543156087398529,
        0.08576175570487976,
        0.08562107384204865,
        0.08583837747573853,
        0.08625074476003647,
        0.08608660846948624,
        0.08599220216274261,
        0.08661249279975891,
        0.08606095612049103,
        0.08661933988332748,
        0.08692984282970428,
        0.08685368299484253,
        0.086915522813797,
        0.08741410076618195,
        0.08758094161748886,
        0.08774479478597641,
        0.08802390843629837,
        0.088034488260746,
        0.088407501578331,
        0.08862868696451187,
        0.08890271186828613,
        0.0885537639260292,
        0.08920522034168243,
        0.08979690074920654,
        0.08872823417186737,
        0.08904244750738144,
        0.08973187208175659,
        0.08990214020013809,
        0.09077760577201843,
        0.09045463800430298,
        0.09095755219459534,
        0.09024590253829956,
        0.0904107466340065,
        0.09146774560213089,
        0.09090252220630646,
        0.09167764335870743,
        0.09170176833868027,
        0.09170064330101013,
        0.09264803677797318,
        0.09207136183977127,
        0.0922401025891304,
        0.09349652379751205,
        0.09341417253017426,
        0.09319714456796646,
        0.09434466809034348,
        0.09361722320318222,
        0.09403674304485321,
        0.09416966885328293,
        0.09508556872606277,
        0.09488902240991592,
        0.09486930072307587,
        0.09530573338270187,
        0.09714706242084503
    ],
    "val_loss": [
        1.6110167503356934,
        1.6110167503356934,
        1.6110167503356934,
        6.646145820617676,
        1.404778242111206,
        0.8315865993499756,
        0.9264048933982849,
        1.2301852703094482,
        0.6752505302429199,
        1.3003289699554443,
        1.7580941915512085,
        2.0290794372558594,
        2.2675697803497314,
        2.1040234565734863,
        0.6830286979675293,
        1.5212130546569824,
        1.1950738430023193,
        0.7139683961868286,
        1.4382375478744507,
        1.090667963027954,
        1.1021356582641602,
        1.1159090995788574,
        1.214377522468567,
        1.7898662090301514,
        1.7695811986923218,
        1.3390971422195435,
        1.1657739877700806,
        1.3426415920257568,
        1.0917314291000366,
        1.0030301809310913,
        0.9676437377929688,
        0.967949628829956,
        0.9703580737113953,
        0.9740679264068604,
        0.9786072969436646,
        0.985227108001709,
        0.9924302697181702,
        1.0005078315734863,
        1.0047975778579712,
        1.0093718767166138,
        1.012773871421814,
        1.0152058601379395,
        1.0162935256958008,
        1.017561435699463,
        1.0207581520080566,
        1.0202380418777466,
        1.02288818359375,
        1.023692011833191,
        1.0237466096878052,
        1.0228919982910156,
        1.0217201709747314,
        1.0237205028533936,
        1.0252667665481567,
        1.0253487825393677,
        1.0254201889038086,
        1.025461196899414,
        1.025508999824524,
        1.025541067123413,
        1.025574803352356,
        1.0255630016326904,
        1.0255684852600098,
        1.0255662202835083,
        1.0255613327026367,
        1.0255680084228516,
        1.0255708694458008,
        1.0255796909332275,
        1.0255411863327026,
        1.025543212890625,
        1.025531530380249,
        1.0255484580993652,
        1.0255399942398071,
        1.0255273580551147,
        1.0255117416381836,
        1.025517225265503,
        1.0255191326141357,
        1.025511384010315,
        1.0255224704742432,
        1.025515079498291,
        1.025516390800476,
        1.0255126953125,
        1.0255155563354492,
        1.0254966020584106,
        1.0255166292190552,
        1.0255041122436523,
        1.0255016088485718,
        1.025497555732727,
        1.0255069732666016,
        1.0255135297775269,
        1.0254909992218018,
        1.0255059003829956,
        1.0254987478256226,
        1.025517463684082,
        1.0254945755004883,
        1.0254977941513062,
        1.0254998207092285,
        1.0254884958267212,
        1.0254952907562256,
        1.0255070924758911,
        1.0255019664764404,
        1.0255026817321777,
        1.025479793548584,
        1.0254958868026733,
        1.0254817008972168,
        1.0254971981048584,
        1.0254979133605957,
        1.0254844427108765,
        1.0254895687103271,
        1.0254840850830078
    ],
    "training_config": {
        "amp_enabled": true,
        "use_compile": false,
        "clip_grad": null,
        "device_type": "cuda",
        "cudnn_benchmark": true
    }
}