{
    "start_datetime": "2025-05-28 13:05:55",
    "training_duration_minutes": 1.4004881699879965,
    "system_specs": null,
    "hidden_dims": [
        64,
        64
    ],
    "kernel_size": [
        3,
        3
    ],
    "batch_size": 128,
    "early_stop_patience": 50,
    "epochs_trained": 5,
    "best_val_loss": 1.0968835353851318,
    "lr": 0.01,
    "scheduler": {
        "type": "ReduceLROnPlateau",
        "factor": 0.1,
        "patience": 10,
        "final_lr": 0.01
    },
    "loss_weights": {
        "mse": 1.0,
        "physics": 1.0,
        "boundary": 0.0
    },
    "losses": {
        "train": {
            "total": [
                1.179092526435852,
                1.179092526435852,
                1.8356664180755615,
                2.127596139907837,
                2.127596378326416
            ],
            "mse": [
                0.757871687412262,
                0.757871687412262,
                1.2047268152236938,
                1.341359257698059,
                1.3413593769073486
            ],
            "physics": [
                0.4212208390235901,
                0.4212208390235901,
                0.6309396624565125,
                0.7862369418144226,
                0.7862369418144226
            ],
            "boundary": [
                126.93508911132812,
                126.93508911132812,
                96.56513977050781,
                127.73819732666016,
                127.73819732666016
            ]
        },
        "val": {
            "total": [
                1.0968835353851318,
                1.3905927538871765,
                1.510047197341919,
                1.510047197341919,
                1.510047197341919
            ],
            "mse": [
                0.7246125340461731,
                0.9387620687484741,
                1.0194754600524902,
                1.0194754600524902,
                1.0194754600524902
            ],
            "physics": [
                0.37227101624011993,
                0.451830729842186,
                0.4905717521905899,
                0.4905717521905899,
                0.4905717521905899
            ],
            "boundary": [
                123.26221466064453,
                106.4393196105957,
                118.64242553710938,
                118.64242553710938,
                118.64242553710938
            ]
        }
    }
}