{
    "start_datetime": "2025-05-28 13:23:38",
    "training_duration_minutes": 1.5227917989095052,
    "system_specs": null,
    "hidden_dims": [
        64,
        64
    ],
    "kernel_size": [
        3,
        3
    ],
    "batch_size": 128,
    "early_stop_patience": 50,
    "epochs_trained": 5,
    "best_val_loss": 0.007552132476121187,
    "lr": 0.01,
    "scheduler": {
        "type": "ReduceLROnPlateau",
        "factor": 0.1,
        "patience": 10,
        "final_lr": 0.01
    },
    "loss_weights": {
        "mse": 0.0,
        "physics": 0.0,
        "boundary": 0.0001
    },
    "losses": {
        "train": {
            "total": [
                0.011985715478658676,
                0.008411167189478874,
                0.011768518947064877,
                0.007314118091017008,
                0.006798597518354654
            ],
            "mse": [
                0.6719344854354858,
                1.4071567058563232,
                6.2394795417785645,
                2.8271126747131348,
                1.9341458082199097
            ],
            "physics": [
                0.3551318645477295,
                0.7629793882369995,
                4.784617900848389,
                1.967058539390564,
                1.2396923303604126
            ],
            "boundary": [
                119.8571548461914,
                84.1116714477539,
                117.68519592285156,
                73.14118194580078,
                67.98597717285156
            ]
        },
        "val": {
            "total": [
                0.009272527415305376,
                0.013244038913398981,
                0.009719785768538713,
                0.007767234230414033,
                0.007552132476121187
            ],
            "mse": [
                1.249913215637207,
                6.615848779678345,
                3.104183554649353,
                2.1680362224578857,
                1.7000786066055298
            ],
            "physics": [
                0.6413637101650238,
                5.155190706253052,
                2.1890931129455566,
                1.4336014986038208,
                1.046008050441742
            ],
            "boundary": [
                92.72527694702148,
                132.44039154052734,
                97.19786071777344,
                77.67234420776367,
                75.52132797241211
            ]
        }
    }
}