{
    "start_datetime": "2025-05-30 10:57:57",
    "training_duration_minutes": 0.5264062603314718,
    "model_parameters": 456769,
    "system_specs": null,
    "hidden_dims": [
        64,
        64
    ],
    "kernel_size": [
        3,
        3
    ],
    "batch_size": 256,
    "lr": 0.01,
    "scheduler": {
        "type": "ReduceLROnPlateau",
        "factor": 0.1,
        "patience": 10,
        "final_lr": 0.01
    },
    "early_stop_patience": 50,
    "epochs_trained": 5,
    "best_val_loss": 0.9802764058113098,
    "train_loss": [
        1.1583378314971924,
        0.7898126095533371,
        0.8807726055383682,
        0.9975131526589394,
        1.0128871202468872
    ],
    "val_loss": [
        1.1019110679626465,
        1.1019110679626465,
        0.9867870211601257,
        0.9893630146980286,
        0.9802764058113098
    ]
}