{
    "start_datetime": "2025-05-30 06:50:24",
    "training_duration_minutes": 6.306554770469665,
    "model_parameters": 456769,
    "system_specs": null,
    "hidden_dims": [
        64,
        64
    ],
    "kernel_size": [
        3,
        3
    ],
    "batch_size": 256,
    "lr": 1.0000000000000002e-07,
    "scheduler": {
        "type": "ReduceLROnPlateau",
        "factor": 0.1,
        "patience": 10,
        "final_lr": 1.0000000000000002e-07
    },
    "early_stop_patience": 50,
    "epochs_trained": 237,
    "best_val_loss": 0.004594702273607254,
    "train_loss": [
        0.9450471997261047,
        0.7547426521778107,
        1.1021336317062378,
        0.6634306609630585,
        0.34707067906856537,
        0.2694898694753647,
        0.19772116839885712,
        0.14450117200613022,
        0.10942601040005684,
        0.08085748553276062,
        0.059202637523412704,
        0.046237146481871605,
        0.03658594749867916,
        0.029047545976936817,
        0.023760383017361164,
        0.019793454557657242,
        0.016722217202186584,
        0.014757356606423855,
        0.012931067030876875,
        0.011345155071467161,
        0.01004064129665494,
        0.00892163347452879,
        0.007989725563675165,
        0.0070805109571665525,
        0.006276643136516213,
        0.005708909127861261,
        0.005306300474330783,
        0.004947775276377797,
        0.004631042014807463,
        0.004381832899525762,
        0.004147470695897937,
        0.0039506308967247605,
        0.0037675052881240845,
        0.003601527540013194,
        0.003490280359983444,
        0.0034605696564540267,
        0.0046695839846506715,
        0.014606552198529243,
        0.006708610570058227,
        0.0065834252163767815,
        0.006644608569331467,
        0.005325074074789882,
        0.004956718650646508,
        0.004442756180651486,
        0.004736322443932295,
        0.0034298942191526294,
        0.0031051067635416985,
        0.00368553027510643,
        0.003443231456913054,
        0.0029218882555142045,
        0.003097146633081138,
        0.003243583836592734,
        0.002921423176303506,
        0.00282900664024055,
        0.0029845512472093105,
        0.0028830007649958134,
        0.0027553876861929893,
        0.0028333644149824977,
        0.002825643983669579,
        0.002723107812926173,
        0.0027333222096785903,
        0.002748771570622921,
        0.0026965143624693155,
        0.0027002589777112007,
        0.0026984416181221604,
        0.0026724806521087885,
        0.002665734267793596,
        0.0026705149793997407,
        0.002650026814080775,
        0.0026421590009704232,
        0.0026504374109208584,
        0.0026296621654182673,
        0.00262428424321115,
        0.0026289105881005526,
        0.0026162443682551384,
        0.0026133308419957757,
        0.002611665171571076,
        0.002601907472126186,
        0.002598979277536273,
        0.002595582278445363,
        0.0025923955254256725,
        0.0025846256176009774,
        0.0025845355121418834,
        0.002579011954367161,
        0.0025720748817548156,
        0.002571658929809928,
        0.002571475808508694,
        0.0025633646873757243,
        0.002562511246651411,
        0.002555623301304877,
        0.002552581951022148,
        0.0025512923020869493,
        0.002552527585066855,
        0.0025446019135415554,
        0.0025396491400897503,
        0.00253732583951205,
        0.0025373114040121436,
        0.0025344821624457836,
        0.0025315419770777225,
        0.0025268534664064646,
        0.002523022354580462,
        0.0025212273467332125,
        0.0025175161426886916,
        0.0025171010056510568,
        0.002515789004974067,
        0.002510747406631708,
        0.0025051208212971687,
        0.0025037003215402365,
        0.0025033666752278805,
        0.002503363532014191,
        0.0024977532448247075,
        0.002497069421224296,
        0.002496025641448796,
        0.0024893191875889897,
        0.002486930228769779,
        0.0024878736585378647,
        0.0024859270779415965,
        0.00248260295484215,
        0.002485245233401656,
        0.0024839293910190463,
        0.0024784421548247337,
        0.0024792897747829556,
        0.002481449395418167,
        0.002475114422850311,
        0.002470816019922495,
        0.0024724950781092048,
        0.002469467814080417,
        0.0024679952766746283,
        0.0024711325531825423,
        0.002462872536852956,
        0.002466853242367506,
        0.0024654845474287868,
        0.0024597826413810253,
        0.0024665386881679296,
        0.002460813499055803,
        0.002457390772178769,
        0.0024603874189779162,
        0.0024585644714534283,
        0.00246670248452574,
        0.002464738325215876,
        0.0024622443597763777,
        0.0024659259943291545,
        0.002464136923663318,
        0.002465544384904206,
        0.002469887607730925,
        0.0024668232072144747,
        0.002470044535584748,
        0.0024705517571419477,
        0.002466552658006549,
        0.0024750911397859454,
        0.0024737536441534758,
        0.0024741069646552205,
        0.0024753023171797395,
        0.0024829652393236756,
        0.002484195283614099,
        0.00248984491918236,
        0.002491184859536588,
        0.00249518861528486,
        0.0025016939034685493,
        0.002501994837075472,
        0.0025079190963879228,
        0.0025110967690125108,
        0.002524369163438678,
        0.00253140099812299,
        0.0025481298798695207,
        0.002542717498727143,
        0.0025547626428306103,
        0.0025593467289581895,
        0.002570409211330116,
        0.002571660210378468,
        0.0025878160959109664,
        0.0026026975829154253,
        0.002602763124741614,
        0.002615991747006774,
        0.002629181370139122,
        0.002643235959112644,
        0.0026757415616884828,
        0.0026932022301480174,
        0.0027080728905275464,
        0.0027391507755964994,
        0.002779952948912978,
        0.002763721742667258,
        0.002810778096318245,
        0.0028093731962144375,
        0.002832649159245193,
        0.002874352619983256,
        0.0030139072332531214,
        0.0029602975118905306,
        0.003131698234938085,
        0.0036758504575118423,
        0.004768423270434141,
        0.013212790247052908,
        0.041533222422003746,
        0.017673112452030182,
        0.05163150653243065,
        0.06207606568932533,
        0.04258027579635382,
        0.04354593716561794,
        0.031510042026638985,
        0.028069492429494858,
        0.022285668179392815,
        0.018451804295182228,
        0.01888757012784481,
        0.01862336043268442,
        0.016559640876948833,
        0.014873468317091465,
        0.014265249017626047,
        0.013851775787770748,
        0.012814798392355442,
        0.011415286920964718,
        0.010473095811903477,
        0.010398872196674347,
        0.010339221451431513,
        0.010300954338163137,
        0.010195381473749876,
        0.01003629295155406,
        0.009975698310881853,
        0.009881583508104086,
        0.009805244859308004,
        0.009726407006382942,
        0.009612426161766052,
        0.009531155694276094,
        0.00957395602017641,
        0.009571139235049486,
        0.009595349431037903,
        0.009580943267792463,
        0.009542718529701233,
        0.009529436938464642,
        0.009543320629745722,
        0.009523635730147362,
        0.00952186668291688,
        0.009502710308879614,
        0.009506681933999062,
        0.00949749955907464,
        0.009467549156397581,
        0.009506389033049345,
        0.009476510342210531
    ],