{
    "start_datetime": "2025-06-17 09:48:29",
    "training_duration_minutes": 43.30357384681702,
    "model_parameters": 456769,
    "system_specs": {
        "platform": "Linux-6.1.123+-x86_64-with-glibc2.35",
        "python_version": "3.11.13",
        "torch_version": "2.5.1+cu124",
        "cuda_available": true,
        "cuda_version": "12.4",
        "gpu_count": 1,
        "primary_gpu_name": "NVIDIA L4",
        "gpu_details": {
            "gpu_0": {
                "name": "NVIDIA L4",
                "memory_total_gb": 22.16,
                "compute_capability": "8.9",
                "multi_processor_count": 58
            }
        },
        "cpu_count_logical": 12,
        "cpu_count_physical": 6,
        "memory_total_gb": 52.96
    },
    "simulation_time": 650,
    "dt": 2,
    "n_train": 1000,
    "n_val": 200,
    "n_test": 20,
    "input_channels": 6,
    "sequence_length": 326,
    "epochs": 1000,
    "hidden_dims": [
        64,
        64
    ],
    "kernel_size": [
        [
            3,
            3
        ],
        [
            3,
            3
        ]
    ],
    "scheduled_sampling": {
        "p0": 1.0,
        "p_min": 0.0,
        "decay_epochs": 200
    },
    "batch_size": 64,
    "lr": 1.0000000000000004e-08,
    "scheduler": {
        "type": "ReduceLROnPlateau",
        "factor": 0.1,
        "patience": 10,
        "final_lr": 1.0000000000000004e-08
    },
    "early_stop_patience": 100,
    "epochs_trained": 151,
    "best_val_loss": 0.22748913243412971,
    "train_loss": [
        1.0966856749728322,
        0.13246670388616621,
        0.03125668363645673,
        0.009062166413059458,
        0.004225901007885113,
        0.18571083713322878,
        0.392511366866529,
        0.16902534011751413,
        0.11637015594169497,
        0.09861506382003427,
        0.08503560489043593,
        0.07134171901270747,
        0.06175807840190828,
        0.05796710029244423,
        0.055352324387058616,
        0.049405860947445035,
        0.04997204733081162,
        0.037791980896145105,
        0.03447647858411074,
        0.03129280812572688,
        0.05014739092439413,
        0.04510247497819364,
        0.038099376019090414,
        0.034686609636992216,
        0.030204247566871345,
        0.02850138710346073,
        0.22068706713616848,
        0.12415293138474226,
        0.08986282953992486,
        0.07260943949222565,
        0.06082247756421566,
        0.0540318030398339,
        0.04647113708779216,
        0.04208580940030515,
        0.04071716475300491,
        0.03973233769647777,
        0.039238318568095565,
        0.03857337334193289,
        0.03855436132289469,
        0.038707588566467166,
        0.03740925993770361,
        0.03667438100092113,
        0.036229130579158664,
        0.035868091974407434,
        0.0354809476993978,
        0.035077982349321246,
        0.034450943348929286,
        0.034042923245579004,
        0.03339085588231683,
        0.03289308387320489,
        0.03251753619406372,
        0.03206445346586406,
        0.031672924174927175,
        0.03134488686919212,
        0.03112409997265786,
        0.0305313840508461,
        0.030091068474575877,
        0.02968636737205088,
        0.029303989955224097,
        0.0288258190266788,
        0.028647324652411044,
        0.028388346661813557,
        0.028334005852229893,
        0.027724093990400434,
        0.027579484158195555,
        0.027537654154002666,
        0.027574923005886376,
        0.027626448310911655,
        0.027706643799319863,
        0.027765569277107716,
        0.027798216207884252,
        0.027940824162214994,
        0.02794207853730768,
        0.028001794358715415,
        0.027960969251580536,
        0.0279548407997936,
        0.02815066382754594,
        0.028169175144284964,
        0.028315705945715308,
        0.028407379752025008,
        0.028497223975136876,
        0.02850197849329561,
        0.02872873772867024,
        0.028782284469343722,
        0.02884919405914843,
        0.028959081741049886,
        0.029036263935267925,
        0.029236384783871472,
        0.02929331932682544,
        0.029485884471796453,
        0.02955110976472497,
        0.02972015575505793,
        0.029730942682363093,
        0.02997016883455217,
        0.03008684457745403,
        0.03016840200871229,
        0.030353110865689814,
        0.03048323607072234,
        0.030613635084591806,
        0.030739905312657356,
        0.030969549203291535,
        0.031088507850654423,
        0.03115899523254484,
        0.03128664381802082,
        0.03155291359871626,
        0.03171708027366549,
        0.03189618163742125,
        0.03200449631549418,
        0.032230073818936944,
        0.03233400592580438,
        0.03256114409305155,
        0.0328309191390872,
        0.03300951304845512,
        0.03323843190446496,
        0.033523938385769725,
        0.03354795905761421,
        0.03390122018754482,
        0.033961861627176404,
        0.03430012217722833,
        0.0344128361903131,
        0.034601555205881596,
        0.034962893929332495,
        0.03510807058773935,
        0.03525192942470312,
        0.0357995277736336,
        0.036066409200429916,
        0.036128392443060875,
        0.03644513082690537,
        0.03669396694749594,
        0.03704642993398011,
        0.037338656140491366,
        0.03779602283611894,
        0.03787421016022563,
        0.038315642857924104,
        0.03860244224779308,
        0.039162483997642994,
        0.03926611482165754,
        0.039657505229115486,
        0.04023357410915196,
        0.04054450453259051,
        0.040787372505292296,
        0.04122383380308747,
        0.0418087390717119,
        0.04214770742692053,
        0.042690368834882975,
        0.04336501192301512,
        0.043582761427387595,
        0.0442987026181072,
        0.04475579014979303,
        0.04522443260066211,
        0.04580568033270538
    ],