{
    "start_datetime": "2025-06-10 15:41:25",
    "training_duration_minutes": 0.09628855387369792,
    "model_parameters": 456769,
    "system_specs": null,
    "simulation_time": 650,
    "dt": 100,
    "n_train": 5,
    "n_val": 2,
    "n_test": 20,
    "input_channels": 6,
    "sequence_length": 7,
    "epochs": 1000,
    "hidden_dims": [
        64,
        64
    ],
    "kernel_size": [
        3,
        3
    ],
    "scheduled_sampling": {
        "p0": 1.0,
        "p_min": 0.0,
        "decay_epochs": 200
    },
    "batch_size": 16,
    "lr": 1.0000000000000002e-06,
    "scheduler": {
        "type": "ReduceLROnPlateau",
        "factor": 0.1,
        "patience": 10,
        "final_lr": 1.0000000000000002e-06
    },
    "early_stop_patience": 50,
    "epochs_trained": 119,
    "best_val_loss": 0.06190061569213867,
    "train_loss": [
        0.8207358717918396,
        0.5136609077453613,
        2.4251251220703125,
        2.431213140487671,
        0.8440869450569153,
        0.8216138482093811,
        0.4092428982257843,
        0.39857402443885803,
        0.3816630244255066,
        0.347648948431015,
        0.3021845817565918,
        0.26636332273483276,
        0.24181929230690002,
        0.22082695364952087,
        0.21842554211616516,
        0.20918935537338257,
        0.17669479548931122,
        0.17091402411460876,
        0.15542860329151154,
        0.14585821330547333,
        0.14065954089164734,
        0.12809543311595917,
        0.12861928343772888,
        0.1201179176568985,
        0.11267957091331482,
        0.10961394011974335,
        0.10480036586523056,
        0.09497629851102829,
        0.0928746908903122,
        0.09094851464033127,
        0.08057516068220139,
        0.07781106233596802,
        0.07262065261602402,
        0.07032004743814468,
        0.06853175163269043,
        0.06340613216161728,
        0.06172111630439758,
        0.05776173993945122,
        0.05654872581362724,
        0.05368983745574951,
        0.05511246994137764,
        0.05253113433718681,
        0.05321676284074783,
        0.05687879025936127,
        0.054210592061281204,
        0.047197867184877396,
        0.047716595232486725,
        0.04457824304699898,
        0.044734660536050797,
        0.047471191734075546,
        0.04182487353682518,
        0.04970449581742287,
        0.04681628569960594,
        0.04813409969210625,
        0.049503084272146225,
        0.04226113110780716,
        0.050358161330223083,
        0.053216077387332916,
        0.04021405428647995,
        0.049065593630075455,
        0.04852604120969772,
        0.03837178274989128,
        0.05478017032146454,
        0.05015130713582039,
        0.035345837473869324,
        0.03474104404449463,
        0.053672026842832565,
        0.04056771844625473,
        0.031761284917593,
        0.033656515181064606,
        0.0399380698800087,
        0.027068981900811195,
        0.029840875416994095,
        0.0326014943420887,
        0.02598765678703785,
        0.024887224659323692,
        0.02770661935210228,
        0.027211612090468407,
        0.02290107123553753,
        0.021646330133080482,
        0.02605191431939602,
        0.024931054562330246,
        0.0235856082290411,
        0.022976551204919815,
        0.021338121965527534,
        0.019770082086324692,
        0.01879170536994934,
        0.01737518236041069,
        0.017393579706549644,
        0.01699969917535782,
        0.017403559759259224,
        0.018146077170968056,
        0.01851695030927658,
        0.018434932455420494,
        0.018283119425177574,
        0.018583782017230988,
        0.01840742491185665,
        0.018291324377059937,
        0.018527071923017502,
        0.018467232584953308,
        0.018513459712266922,
        0.017741894349455833,
        0.018371885642409325,
        0.018008766695857048,
        0.01835070177912712,
        0.018238335847854614,
        0.01818268746137619,
        0.017995759844779968,
        0.018062856048345566,
        0.017896130681037903,
        0.018255455419421196,
        0.018059397116303444,
        0.018295979127287865,
        0.018114008009433746,
        0.018139146268367767,
        0.018100611865520477,
        0.017981747165322304,
        0.018149062991142273,
        0.01808701828122139
    ],
    "val_loss": [
        0.5674480199813843,
        0.7892405390739441,
        0.7892405390739441,
        0.8795702457427979,
        0.7142847180366516,
        0.44456949830055237,
        0.4781000018119812,
        0.48218992352485657,
        0.45396196842193604,
        0.3966556191444397,
        0.32618919014930725,
        0.36802446842193604,
        0.305342435836792,
        0.3692173659801483,
        0.34838733077049255,
        0.35853633284568787,
        0.25908827781677246,
        0.29834815859794617,
        0.40922242403030396,
        0.4544823467731476,
        0.25138217210769653,
        0.25358229875564575,
        0.24525023996829987,
        0.30155250430107117,
        0.29048410058021545,
        0.2586154043674469,
        0.2466191053390503,
        0.4348490834236145,
        0.27771517634391785,
        0.3686831593513489,
        0.36418601870536804,
        0.22696618735790253,
        0.25429245829582214,
        0.3464488089084625,
        0.2162838876247406,
        0.16527076065540314,
        0.2579873204231262,
        0.3150612413883209,
        0.18252578377723694,
        0.22140271961688995,
        0.13137328624725342,
        0.3845576345920563,
        0.12024912238121033,
        0.37287887930870056,
        0.14996619522571564,
        0.12810297310352325,
        0.48230427503585815,
        0.4701336622238159,
        0.11878248304128647,
        0.1810845583677292,
        0.44631296396255493,
        0.1702025979757309,
        0.13616843521595,
        0.2263968139886856,
        0.4305160939693451,
        0.34575018286705017,
        0.10230565816164017,
        0.09555896371603012,
        0.250296413898468,
        0.4379606246948242,
        0.38373592495918274,
        0.09070524573326111,
        0.1171686202287674,
        0.11159384250640869,
        0.17144019901752472,
        0.571325957775116,
        0.23368461430072784,
        0.21876634657382965,
        0.08604561537504196,
        0.06190061569213867,
        0.13232511281967163,
        0.32028836011886597,
        0.24807828664779663,
        0.25217556953430176,
        0.1573304831981659,
        0.10969588160514832,
        0.1570882797241211,
        0.12647679448127747,
        0.12445692718029022,
        0.1885739117860794,
        0.16562211513519287,
        0.16262994706630707,
        0.15863800048828125,
        0.1546085625886917,
        0.15090413391590118,
        0.14895327389240265,
        0.14809003472328186,
        0.1472746878862381,
        0.14594390988349915,
        0.14359107613563538,
        0.14008808135986328,
        0.13520708680152893,
        0.1345975250005722,
        0.1339687705039978,
        0.13332761824131012,
        0.1326872706413269,
        0.13202324509620667,
        0.13144522905349731,
        0.1309657096862793,
        0.13055776059627533,
        0.13029327988624573,
        0.13004139065742493,
        0.12983892858028412,
        0.12983402609825134,
        0.12984204292297363,
        0.12986285984516144,
        0.12989208102226257,
        0.12993724644184113,
        0.12999506294727325,
        0.13005651533603668,
        0.13012412190437317,
        0.13019959628582,
        0.1302771270275116,
        0.1303519904613495,
        0.13035988807678223,
        0.1303686946630478,
        0.1303771734237671,
        0.13038666546344757,
        0.13039660453796387
    ]
}