{
    "start_datetime": "2025-05-30 10:20:14",
    "training_duration_minutes": 1.9481706221898396,
    "model_parameters": 456769,
    "system_specs": null,
    "hidden_dims": [
        64,
        64
    ],
    "kernel_size": [
        3,
        3
    ],
    "batch_size": 256,
    "early_stop_patience": 50,
    "epochs_trained": 56,
    "best_val_loss": 11.849246978759766,
    "lr": 1.0000000000000002e-06,
    "scheduler": {
        "type": "ReduceLROnPlateau",
        "factor": 0.1,
        "patience": 10,
        "final_lr": 1.0000000000000002e-06
    },
    "loss_weights": {
        "mse": 0.0,
        "physics": 10.0,
        "boundary": 0.1
    },
    "losses": {
        "train": {
            "total": [
                36.091787338256836,
                36.08658790588379,
                37.51877403259277,
                36.146270751953125,
                26.141594886779785,
                20.47988510131836,
                13.545405387878418,
                12.537347793579102,
                13.984848022460938,
                13.982694625854492,
                13.987750053405762,
                13.981543064117432,
                13.979657649993896,
                13.977675437927246,
                13.985869407653809,
                13.986913681030273,
                13.980949401855469,
                19.9412899017334,
                30.8992919921875,
                24.24868392944336,
                19.66498374938965,
                19.60176944732666,
                19.702295303344727,
                19.05898380279541,
                19.18183135986328,
                19.71619415283203,
                18.65489101409912,
                16.873628616333008,
                15.647297859191895,
                15.124814987182617,
                15.08077335357666,
                15.030161380767822,
                14.991708755493164,
                14.952489376068115,
                14.911537170410156,
                14.876548290252686,
                14.848998546600342,
                14.828751564025879,
                14.81241750717163,
                14.771764755249023,
                14.774504661560059,
                14.755346775054932,
                14.759377002716064,
                14.76188039779663,
                14.760133743286133,
                14.76132869720459,
                14.752678871154785,
                14.756888389587402,
                14.757507801055908,
                14.747736930847168,
                14.746371269226074,
                14.745413780212402,
                14.74159288406372,
                14.743827819824219,
                14.748049259185791,
                14.738731861114502
            ],
            "mse": [
                1.0039959847927094,
                1.0036768317222595,
                1.1527445316314697,
                1.1757997274398804,
                0.9780674874782562,
                1.4844434261322021,
                0.921227365732193,
                0.8489084839820862,
                0.915859580039978,
                0.9156845808029175,
                0.915995717048645,
                0.9152082800865173,
                0.9156149625778198,
                0.9155114591121674,
                0.9158341288566589,
                0.9160081744194031,
                0.915133535861969,
                1.0648020505905151,
                1.4061154127120972,
                1.3631155490875244,
                1.3631454110145569,
                1.3775437474250793,
                1.3779783248901367,
                1.3053851127624512,
                1.2693533897399902,
                1.2761428356170654,
                1.2092923521995544,
                1.124121904373169,
                1.0772360563278198,
                1.058453619480133,
                1.055811583995819,
                1.0534297227859497,
                1.051620364189148,
                1.0496911406517029,
                1.046964406967163,
                1.0459942817687988,
                1.0448203086853027,
                1.0439446568489075,
                1.0426949858665466,
                1.0407079458236694,
                1.0403392910957336,
                1.0393226146697998,
                1.0393211245536804,
                1.0390636324882507,
                1.0394142866134644,
                1.0391521453857422,
                1.039036512374878,
                1.0392311811447144,
                1.0390848517417908,
                1.0390425324440002,
                1.038859248161316,
                1.0386107563972473,
                1.0384542346000671,
                1.0382078289985657,
                1.0387001037597656,
                1.0386513471603394
            ],
            "physics": [
                0.9381990730762482,
                0.9377489686012268,
                1.1308341026306152,
                1.1480111181735992,
                0.9096314311027527,
                1.322161614894867,
                0.868533194065094,
                0.786450982093811,
                0.8679092228412628,
                0.8676572442054749,
                0.8681863248348236,
                0.8673114776611328,
                0.8674333989620209,
                0.8675037622451782,
                0.8678953349590302,
                0.8680890798568726,
                0.8672191202640533,
                1.0750831365585327,
                1.527535319328308,
                1.4458723664283752,
                1.4034847617149353,
                1.4192100763320923,
                1.4192733764648438,
                1.3086111545562744,
                1.2614629864692688,
                1.2756565809249878,
                1.1948274374008179,
                1.093335747718811,
                1.0706091523170471,
                1.0678882598876953,
                1.0673524737358093,
                1.067183792591095,
                1.0663585662841797,
                1.0659618973731995,
                1.0649232864379883,
                1.0645236372947693,
                1.0642890930175781,
                1.0640405416488647,
                1.0635906457901,
                1.0618332028388977,
                1.0619924068450928,
                1.0608057379722595,
                1.0609631538391113,
                1.0615073442459106,
                1.0613446831703186,
                1.061108648777008,
                1.061025321483612,
                1.0610411167144775,
                1.0612094402313232,
                1.0610579252243042,
                1.0609124302864075,
                1.0605684518814087,
                1.0606438517570496,
                1.0603432655334473,
                1.061110258102417,
                1.0607202053070068
            ],