{
    "start_datetime": "2025-06-19 06:05:23",
    "training_duration_minutes": 0.4664627472559611,
    "model_parameters": 456769,
    "system_specs": null,
    "simulation_time": 650,
    "dt": 10,
    "n_train": 200,
    "n_val": 40,
    "n_test": 4,
    "input_channels": 6,
    "sequence_length": 66,
    "epochs": 1000,
    "hidden_dims": [
        64,
        64
    ],
    "kernel_size": [
        3,
        3
    ],
    "scheduled_sampling": {
        "p0": 1.0,
        "p_min": 0.0,
        "decay_epochs": 200
    },
    "batch_size": 64,
    "epochs_trained": 18,
    "best_val_loss": 40.3508186340332,
    "lr": 0.01,
    "scheduler": {
        "type": "ReduceLROnPlateau",
        "factor": 0.1,
        "patience": 10,
        "final_lr": 0.01,
        "early_stop_patience": 100
    },
    "loss_weights": {
        "mse": 1.0,
        "physics": 1000.0,
        "boundary": 1.0
    },
    "losses": {
        "train": {
            "total": [
                610.4055023193359,
                606.9726715087891,
                562.2125396728516,
                352.1172409057617,
                268.8584671020508,
                278.85509872436523,
                239.06914901733398,
                129.4746856689453,
                78.71398544311523,
                64.36426067352295,
                63.87649631500244,
                57.31484127044678,
                61.93772220611572,
                53.55410957336426,
                47.36474609375,
                44.54521179199219,
                39.46246576309204,
                44.077239990234375
            ],
            "mse": [
                1.0670936405658722,
                1.0628167390823364,
                1.7832425087690353,
                1.7153928577899933,
                1.1371702402830124,
                1.1381268799304962,
                1.0984627604484558,
                0.9379837661981583,
                0.9227766543626785,
                0.945775493979454,
                0.8742213845252991,
                0.8356805741786957,
                0.8087711334228516,
                0.8952712863683701,
                0.8275941461324692,
                0.7525509744882584,
                0.6850275844335556,
                0.6377855092287064
            ],
            "physics": [
                0.03258667793124914,
                0.03268211241811514,
                0.06384596927091479,
                0.05705047957599163,
                0.03573329467326403,
                0.03573053330183029,
                0.03464513085782528,
                0.02950114058330655,
                0.02904071193188429,
                0.030228165443986654,
                0.02700512856245041,
                0.026172851212322712,
                0.02502431720495224,
                0.0279332110658288,
                0.025026392191648483,
                0.022773336619138718,
                0.02033949876204133,
                0.018439869862049818
            ],
            "boundary": [
                576.7517242431641,
                573.2277603149414,
                496.5833282470703,
                293.3513641357422,
                231.9880027770996,
                241.98643112182617,
                203.32555389404297,
                99.03556060791016,
                48.75049591064453,
                33.19032001495361,
                35.99714708328247,
                30.306309700012207,
                36.104633808135986,
                24.725626945495605,
                21.510759353637695,
                21.019324779510498,
                18.437939167022705,
                24.99958562850952
            ]
        },
        "val": {
            "total": [
                601.0488891601562,
                601.0488891601562,
                417.4555358886719,
                267.6740417480469,
                270.0474548339844,
                227.09568786621094,
                171.80575561523438,
                84.3553466796875,
                65.05944061279297,
                53.691612243652344,
                60.2103271484375,
                63.53556823730469,
                55.14582824707031,
                46.03860855102539,
                46.16533660888672,
                40.3508186340332,
                40.77723693847656,
                41.863712310791016
            ],
            "mse": [
                0.9539388418197632,
                0.9539388418197632,
                1.1225831508636475,
                1.0634026527404785,
                1.1135166883468628,
                0.9886351823806763,
                0.862717866897583,
                0.9654613137245178,
                0.8677681684494019,
                0.8375530242919922,
                0.8014301657676697,
                0.8223980069160461,
                0.7804431915283203,
                0.7408212423324585,
                0.7400262355804443,
                0.6804669499397278,
                0.6002151370048523,
                0.6767674684524536
            ],
            "physics": [
                0.028736593201756477,
                0.028736593201756477,
                0.03315652906894684,
                0.03154715150594711,
                0.03385275602340698,
                0.02978457510471344,
                0.026124943047761917,
                0.029900256544351578,
                0.027361489832401276,
                0.025625213980674744,
                0.02432410977780819,
                0.025030067190527916,
                0.024012751877307892,
                0.021957237273454666,
                0.022299641743302345,
                0.01988023892045021,
                0.016998887062072754,
                0.019715361297130585
            ],
            "boundary": [
                571.3583374023438,
                571.3583374023438,
                383.1764221191406,
                235.06349182128906,
                235.08119201660156,
                196.32247924804688,
                144.81809997558594,
                53.4896240234375,
                36.83018493652344,
                27.228845596313477,
                35.08478927612305,
                37.68310546875,
                30.352630615234375,
                23.34054946899414,
                23.125667572021484,
                19.790111541748047,
                23.178136825561523,
                21.47158432006836
            ]
        }
    }
}