{
    "start_datetime": "2025-06-17 10:54:13",
    "training_duration_minutes": 15.692504179477691,
    "model_parameters": 456769,
    "system_specs": {
        "platform": "Linux-6.1.123+-x86_64-with-glibc2.35",
        "python_version": "3.11.13",
        "torch_version": "2.5.1+cu124",
        "cuda_available": true,
        "cuda_version": "12.4",
        "gpu_count": 1,
        "primary_gpu_name": "NVIDIA L4",
        "gpu_details": {
            "gpu_0": {
                "name": "NVIDIA L4",
                "memory_total_gb": 22.16,
                "compute_capability": "8.9",
                "multi_processor_count": 58
            }
        },
        "cpu_count_logical": 12,
        "cpu_count_physical": 6,
        "memory_total_gb": 52.96
    },
    "simulation_time": 650,
    "dt": 10,
    "n_train": 1000,
    "n_val": 200,
    "n_test": 20,
    "input_channels": 6,
    "sequence_length": 66,
    "epochs": 1000,
    "hidden_dims": [
        64,
        64
    ],
    "kernel_size": [
        [
            3,
            3
        ],
        [
            3,
            3
        ]
    ],
    "scheduled_sampling": {
        "p0": 1.0,
        "p_min": 0.0,
        "decay_epochs": 200
    },
    "batch_size": 64,
    "lr": 1.0000000000000004e-08,
    "scheduler": {
        "type": "ReduceLROnPlateau",
        "factor": 0.1,
        "patience": 10,
        "final_lr": 1.0000000000000004e-08
    },
    "early_stop_patience": 100,
    "epochs_trained": 263,
    "best_val_loss": 0.0008016828942345455,
    "train_loss": [
        0.8710035681724548,
        0.09489692794159055,
        0.02482009946834296,
        0.009785545727936551,
        0.005604694306384772,
        0.0039207866648212075,
        0.0030354410118889064,
        0.002555848390329629,
        0.0021745188569184393,
        0.0018791680267895572,
        0.001738436047162395,
        0.0018992971890838817,
        0.0014791529829381034,
        0.0012135533470427617,
        0.0015607641980750486,
        0.0013884650761610828,
        0.0015616913769918028,
        0.000983987694780808,
        0.0008410882765019778,
        0.0007201723055914044,
        0.0006425435312849004,
        0.0006315009959507734,
        0.0006237541419977788,
        0.0006162519202916883,
        0.0006124529027147219,
        0.0006087897745601367,
        0.0006013528764015064,
        0.0005990648314764258,
        0.0005951843195362017,
        0.000591010473726783,
        0.0005825389962410554,
        0.0005795335091534071,
        0.0005749984775320627,
        0.0005748036564909853,
        0.0005682154151145369,
        0.0005579293974733446,
        0.0005566967629420105,
        0.0005513069991138764,
        0.0005463786583277397,
        0.0005412825266830623,
        0.0005353877186280442,
        0.0005316096594469855,
        0.0005287753010634333,
        0.0005201800686336355,
        0.0005162156812730245,
        0.0005121707563375821,
        0.0005056059944763547,
        0.000506907099406817,
        0.000497924260344007,
        0.0004937196517857956,
        0.00048733255607658066,
        0.00048346778203267604,
        0.00047764524606463965,
        0.0004743007320939796,
        0.00046893543913029134,
        0.00046534522698493674,
        0.0004612691373040434,
        0.00045734741070191376,
        0.0004531925733317621,
        0.0004481138530536555,
        0.00044223641452845186,
        0.00043872597234440036,
        0.00043438883767521475,
        0.0004295464423194062,
        0.0004262420170562109,
        0.0004210452716506552,
        0.0004164685815339908,
        0.0004126310614083195,
        0.0004074118460266618,
        0.0004034076046082191,
        0.00039927358739078045,
        0.0003976114712713752,
        0.00039209100941661745,
        0.00038683525963278953,
        0.0003840595054498408,
        0.0003793217256315984,
        0.0003753076289285673,
        0.00037135193997528404,
        0.00036658165117842145,
        0.0003637906975200167,
        0.0003609778686950449,
        0.0003564949656720273,
        0.00035195666714571416,
        0.0003464543533482356,
        0.00034389369466225617,
        0.0003386148764548125,
        0.00033558236464159563,
        0.0003324914705444826,
        0.00032723905860621016,
        0.0003248703960707644,
        0.0003222579289285932,
        0.00031848533217271324,
        0.0003130402874376159,
        0.0003093409923167201,
        0.00030588562367483974,
        0.0003021833108505234,
        0.00030007566419953946,
        0.0002951771930383984,
        0.00029249879662529565,
        0.0002889715606215759,
        0.00028515458143374417,
        0.0002811583963193698,
        0.00027751373818318825,
        0.00027726648295356426,
        0.00027237112408329267,
        0.0002709642685658764,
        0.0002673839617273188,
        0.0002641373484948417,
        0.000261464099821751,
        0.0002578840294518159,
        0.0002557214666012442,
        0.0002561336596045294,
        0.0002579513002274325,
        0.00025646411268098745,
        0.00025602729874663055,
        0.0002561023111411487,
        0.00025680441922304453,
        0.0002561391092967824,
        0.0002559205104262219,
        0.0002569558455434162,
        0.0002577118711997173,
        0.0002572954927018145,
        0.0002573133524492732,
        0.0002574863210611511,
        0.0002579584124760004,
        0.00025820913833740633,
        0.0002586871742096264,
        0.0002590070726000704,
        0.00025884228762151906,
        0.00025878799533529673,
        0.00025833031941147055,
        0.0002593925300971023,
        0.00026015312869276386,
        0.00026071845059050247,
        0.0002603786479085102,
        0.0002610887413538876,
        0.0002613966944409185,
        0.0002614153645481565,
        0.00026185127262579044,
        0.00026289361449016724,
        0.00026296903433831176,
        0.0002643545994942542,
        0.0002650550877660862,
        0.0002662821016201633,
        0.00026712624276115093,
        0.00026787454589793924,
        0.0002690626088224235,
        0.0002693705982892425,
        0.00027318086722516455,
        0.0002714824804570526,
        0.00027251060419075657,
        0.00027411927658249624,
        0.00027631969442154514,
        0.00027556698478292674,
        0.0002782212868623901,
        0.0002787891135085374,
        0.00027951065203524195,
        0.00028044449027220253,
        0.00028242279950063676,
        0.00028409124570316635,
        0.0002860602380678756,
        0.00028967262551304884,
        0.00028893423768749926,
        0.000290307780232979,
        0.00029273913423821796,
        0.0002946953318314627,
        0.00029888460994698107,
        0.0002999473890668014,
        0.000301239597320091,
        0.0003033808188774856,
        0.0003057135490962537,
        0.0003081359882344259,
        0.0003119725461147027,
        0.0003137597032036865,
        0.0003170979871356394,
        0.0003200237697456032,
        0.0003241415524826152,
        0.00032779030516394414,
        0.0003314059540571179,
        0.0003353886295371922,
        0.0003407182502996875,
        0.0003457609564065933,
        0.00035237280098954216,
        0.0003566690556908725,
        0.00036476136483543087,
        0.00037008777871960774,
        0.0003781599789363099,
        0.00038809132638562005,
        0.0003969660847360501,
        0.00040847278069122694,
        0.00041988014709204435,
        0.0004353570184321143,
        0.00045101773321221117,
        0.0004704565926658688,
        0.0004907108705083374,
        0.0005150594806764275,
        0.0005476062415255001,
        0.0005877240437257569,
        0.0006371963718265761,
        0.0007027818282949738,
        0.0007998174623935483,
        0.0007940867399156559,
        0.0007944571880216245,
        0.0007966485100041609,
        0.0007985968186403625,
        0.000795120227849111,
