{
    "start_datetime": "2025-06-10 15:56:34",
    "training_duration_minutes": 31.513182870546977,
    "model_parameters": 456769,
    "system_specs": null,
    "simulation_time": 650,
    "dt": 1,
    "n_train": 1000,
    "n_val": 200,
    "n_test": 20,
    "input_channels": 6,
    "sequence_length": 651,
    "epochs": 1000,
    "hidden_dims": [
        64,
        64
    ],
    "kernel_size": [
        3,
        3
    ],
    "scheduled_sampling": {
        "p0": 1.0,
        "p_min": 0.0,
        "decay_epochs": 200
    },
    "batch_size": 64,
    "lr": 1.0000000000000002e-06,
    "scheduler": {
        "type": "ReduceLROnPlateau",
        "factor": 0.1,
        "patience": 10,
        "final_lr": 1.0000000000000002e-06
    },
    "early_stop_patience": 50,
    "epochs_trained": 54,
    "best_val_loss": 1.0453879088163376,
    "train_loss": [
        0.6344413366168737,
        0.7323126643896103,
        1.0699098855257034,
        0.9002581126987934,
        0.8252553269267082,
        0.7943307757377625,
        0.9112207069993019,
        0.9188311100006104,
        0.8654524758458138,
        0.9099306128919125,
        0.5447119642049074,
        0.6448080725967884,
        0.6804041601717472,
        0.6930634938180447,
        0.7001198418438435,
        0.7139365971088409,
        0.7239569649100304,
        0.731640387326479,
        0.7329242788255215,
        0.7365247383713722,
        0.7400067187845707,
        0.7419965378940105,
        0.7475438788533211,
        0.7512596175074577,
        0.7533417157828808,
        0.7571791298687458,
        0.7623509056866169,
        0.7665277160704136,
        0.7700146697461605,
        0.7736929878592491,
        0.7748456597328186,
        0.7774780094623566,
        0.7824851423501968,
        0.784182783216238,
        0.7860977202653885,
        0.7888537645339966,
        0.7914367765188217,
        0.7943019978702068,
        0.7958141341805458,
        0.7984664924442768,
        0.8007724210619926,
        0.8020919039845467,
        0.8055377341806889,
        0.808199092745781,
        0.8123726285994053,
        0.8138006664812565,
        0.8182393684983253,
        0.8199816904962063,
        0.820355724543333,
        0.8257264904677868,
        0.8287770338356495,
        0.8305470421910286,
        0.8329890035092831,
        0.8330421671271324
    ],
    "val_loss": [
        1.5191849172115326,
        1.1085265129804611,
        1.3737428486347198,
        1.2737491428852081,
        1.0453879088163376,
        1.1608879566192627,
        1.1053192615509033,
        1.0816441774368286,
        1.2917088568210602,
        1.9703310430049896,
        1.3292374908924103,
        1.1699786186218262,
        1.2438963949680328,
        1.1875111162662506,
        1.1640638709068298,
        1.1457091569900513,
        1.1472540199756622,
        1.1485530138015747,
        1.1494578421115875,
        1.1508759558200836,
        1.1531882882118225,
        1.153810292482376,
        1.1564789414405823,
        1.1577463746070862,
        1.1589996218681335,
        1.160501778125763,
        1.1628972589969635,
        1.1634679734706879,
        1.162725418806076,
        1.1626097559928894,
        1.163269430398941,
        1.1635753810405731,
        1.1645795404911041,
        1.1644323468208313,
        1.164710283279419,
        1.1643787324428558,
        1.1645177900791168,
        1.1644459664821625,
        1.1660508513450623,
        1.1665927171707153,
        1.1652869880199432,
        1.1642396450042725,
        1.1666498482227325,
        1.1645637452602386,
        1.165391206741333,
        1.1653515696525574,
        1.165559709072113,
        1.1656163930892944,
        1.1652249097824097,
        1.1660180985927582,
        1.164792239665985,
        1.1657541692256927,
        1.1657292246818542,
        1.1644053757190704
    ]
}