{
    "start_datetime": "2025-06-21 08:17:52",
    "training_duration_minutes": 17.5845516482989,
    "model_parameters": 456769,
    "system_specs": {
        "platform": "Windows-10-10.0.19041-SP0",
        "python_version": "3.9.21",
        "torch_version": "2.5.1",
        "cuda_available": true,
        "cuda_version": "11.8",
        "gpu_count": 1,
        "primary_gpu_name": "NVIDIA GeForce GTX 1050",
        "gpu_details": {
            "gpu_0": {
                "name": "NVIDIA GeForce GTX 1050",
                "memory_total_gb": 2.0,
                "compute_capability": "6.1",
                "multi_processor_count": 5
            }
        },
        "cpu_count_logical": 6,
        "cpu_count_physical": 6,
        "memory_total_gb": 15.92
    },
    "simulation_time": 650,
    "dt": 10,
    "n_train": 50,
    "n_val": 10,
    "n_test": 1,
    "input_channels": 6,
    "sequence_length": 66,
    "epochs": 1000,
    "hidden_dims": [
        64,
        64
    ],
    "kernel_size": [
        [
            3,
            3
        ],
        [
            3,
            3
        ]
    ],
    "scheduled_sampling": {
        "p0": 1.0,
        "p_min": 0.0,
        "decay_epochs": 200
    },
    "batch_size": 64,
    "lr": 1.0000000000000004e-08,
    "scheduler": {
        "type": "ReduceLROnPlateau",
        "factor": 0.1,
        "patience": 10,
        "final_lr": 1.0000000000000004e-08
    },
    "early_stop_patience": 100,
    "epochs_trained": 167,
    "best_val_loss": 0.25855210423469543,
    "train_loss": [
        0.9765517711639404,
        1.0427793264389038,
        1.0440860986709595,
        2.965437650680542,
        2.974104881286621,
        0.7473588585853577,
        0.6984046101570129,
        0.560732901096344,
        0.5774407386779785,
        0.45634543895721436,
        0.37047019600868225,
        0.3608592450618744,
        0.3369746506214142,
        0.2857362627983093,
        0.2791796028614044,
        0.2737434506416321,
        0.27381110191345215,
        0.27446773648262024,
        0.25669607520103455,
        0.2564639151096344,
        0.2953687012195587,
        0.2949868440628052,
        0.3903920352458954,
        0.4015391767024994,
        0.3278898000717163,
        0.25504228472709656,
        0.32712626457214355,
        0.3760058581829071,
        0.3129909634590149,
        0.2728259861469269,
        0.23324666917324066,
        0.2379705011844635,
        0.26375171542167664,
        0.17850477993488312,
        0.16778843104839325,
        0.16307103633880615,
        0.13656747341156006,
        0.14168058335781097,
        0.13186144828796387,
        0.14278818666934967,
        0.32695454359054565,
        0.3091828525066376,
        0.2576068043708801,
        0.33263567090034485,
        0.25038352608680725,
        0.27988094091415405,
        0.2467702329158783,
        0.20432062447071075,
        0.20209182798862457,
        0.176619753241539,
        0.17661753296852112,
        0.1719943881034851,
        0.16675560176372528,
        0.16074305772781372,
        0.15798979997634888,
        0.1568526327610016,
        0.155240997672081,
        0.1535380631685257,
        0.14990617334842682,
        0.1464284062385559,
        0.14351743459701538,
        0.14196105301380157,
        0.14032679796218872,
        0.13909097015857697,
        0.13718295097351074,
        0.1345648616552353,
        0.131831556558609,
        0.12907248735427856,
        0.1274360716342926,
        0.12624451518058777,
        0.1261599361896515,
        0.12475541234016418,
        0.12315217405557632,
        0.12173658609390259,
        0.1200048103928566,
        0.11952293664216995,
        0.11893049627542496,
        0.11736273020505905,
        0.11703822016716003,
        0.11625396460294724,
        0.11617675423622131,
        0.11627152562141418,
        0.11631390452384949,
        0.11658099293708801,
        0.1169278547167778,
        0.11695919930934906,
        0.11677438020706177,
        0.11650077253580093,
        0.11706602573394775,
        0.11680243909358978,
        0.11691200733184814,
        0.11719340831041336,
        0.11730398237705231,
        0.11798930913209915,
        0.1184055507183075,
        0.11871754378080368,
        0.11882836371660233,
        0.11915774643421173,
        0.11921494454145432,
        0.11973607540130615,
        0.11987948417663574,
        0.11960544437170029,
        0.12061983346939087,
        0.12115062773227692,
        0.12147586047649384,
        0.12183012068271637,
        0.12245723605155945,
        0.12292486429214478,
        0.12319040298461914,
        0.12311512231826782,
        0.12413869053125381,
        0.1244920864701271,
        0.1248064786195755,
        0.12579159438610077,
        0.12562714517116547,
        0.12597693502902985,
        0.12635967135429382,
        0.12674415111541748,
        0.1279759258031845,
        0.1279629021883011,
        0.12882240116596222,
        0.12925955653190613,
        0.12901531159877777,
        0.13031281530857086,
        0.1306401789188385,
        0.13092519342899323,
        0.1316952109336853,
        0.13267846405506134,
        0.13303451240062714,
        0.13360853493213654,
        0.13418987393379211,
        0.1349189579486847,
        0.13531804084777832,
        0.13603456318378448,
        0.13666047155857086,
        0.13730134069919586,
        0.1377204805612564,
        0.13830704987049103,
        0.14017432928085327,
        0.14045481383800507,
        0.14102017879486084,
        0.14199769496917725,
        0.14243708550930023,
        0.14293654263019562,
        0.14391613006591797,
        0.14490289986133575,
        0.14526265859603882,
        0.14626340568065643,
        0.14812210202217102,
        0.14849358797073364,
        0.1488242894411087,
        0.15066073834896088,
        0.15146566927433014,
        0.15268279612064362,
        0.15340133011341095,
        0.155448317527771,
        0.15442439913749695,
        0.1567596197128296,
        0.15826307237148285,
        0.1595163345336914,
        0.16089709103107452,
        0.16109523177146912,
        0.16245952248573303,
        0.16461977362632751,
        0.1657329797744751,
        0.16703690588474274,
        0.16881848871707916
    ],