{
    "start_datetime": "2025-05-29 13:31:01",
    "training_duration_minutes": 108.4800860007604,
    "system_specs": null,
    "hidden_dims": [
        64,
        64
    ],
    "kernel_size": [
        3,
        3
    ],
    "batch_size": 256,
    "early_stop_patience": 50,
    "epochs_trained": 47,
    "best_val_loss": 0.0002534397644922137,
    "lr": 0.01,
    "scheduler": {
        "type": "ReduceLROnPlateau",
        "factor": 0.1,
        "patience": 10,
        "final_lr": 0.01
    },
    "loss_weights": {
        "mse": 1.0,
        "physics": 0.1,
        "boundary": 0.001
    },
    "losses": {
        "train": {
            "total": [
                1.7444529548985883,
                0.1871908724308014,
                0.09545026943087578,
                0.050457550957798955,
                0.038862689211964604,
                0.02664981074631214,
                0.017749639600515364,
                0.01261733015999198,
                0.009005472157150507,
                0.006784251751378178,
                0.005960366735234856,
                0.005587711650878191,
                0.0039561685174703595,
                0.00424681396689266,
                0.003287001745775342,
                0.005157881951890886,
                0.0033536178758367895,
                0.002713352139107883,
                0.002123461093287915,
                0.0017840007261838765,
                0.0015337974240537734,
                0.001027613808400929,
                0.0008714338764548302,
                0.0006981086276937276,
                0.0009272653434891254,
                0.0007495780271710828,
                0.004472692625131458,
                0.0017724264413118362,
                0.0010198689415119588,
                0.0006184609374031425,
                0.00048381091037299486,
                0.00041602685232646765,
                0.00035909024882130325,
                0.0003765884175663814,
                0.002614063391229138,
                0.0027987379697151484,
                0.0010679022001568229,
                0.0005979546200251207,
                0.00044999516394454985,
                0.00034404352481942624,
                0.00029591446509584783,
                0.00026844148815143856,
                0.0009272264287574217,
                0.0009338420204585418,
                0.0006907003524247556,
                0.00035004103265237065,
                0.0006156549410661682
            ],
            "mse": [
                1.433700738241896,
                0.1657194621860981,
                0.08730613663792611,
                0.0467598557472229,
                0.03522077351808548,
                0.024146468751132487,
                0.01627652980387211,
                0.01157106962054968,
                0.00831584450788796,
                0.006271099112927914,
                0.005443120002746582,
                0.004997397190891206,
                0.003564755222760141,
                0.003764229896478355,
                0.0028805830515921116,
                0.004320722981356084,
                0.002853478421457112,
                0.002293783880304545,
                0.001772973220795393,
                0.0014709630282595753,
                0.0012845379882492126,
                0.0008491338929161429,
                0.0007276551856193692,
                0.0005838063574628904,
                0.0007767597184283659,
                0.0006275437044678256,
                0.00367095354013145,
                0.0014025429787579923,
                0.0008403935353271663,
                0.0005090588005259633,
                0.0003999713371740654,
                0.00034487281809560957,
                0.0002971517824335024,
                0.00031217874202411623,
                0.0021397723379777745,
                0.002244861435610801,
                0.0008243493153713644,
                0.00048610540688969194,
                0.00036557572020683437,
                0.0002812789229210466,
                0.0002419998185359873,
                0.0002185160425142385,
                0.0007741207286017015,
                0.0007630628795595839,
                0.0005655523069435731,
                0.00028131557191954923,
                0.0005110697355121374
            ],
            "physics": [
                2.228848314064089,
                0.08527553156018257,
                0.038990461453795436,
                0.01803376553580165,
                0.021114847622811794,
                0.01385475993156433,
                0.0077236299868673084,
                0.0052843369543552395,
                0.0036197501234710217,
                0.002791140740737319,
                0.003044822462834418,
                0.0034330908209085466,
                0.0021119106677360833,
                0.0028978182934224607,
                0.001994369924068451,
                0.004295062553137541,
                0.002646068495232612,
                0.002329515852034092,
                0.0018759179278276862,
                0.0016542107448913157,
                0.0014897942484822125,
                0.0009490843222010881,
                0.0008513565175235271,
                0.0007046599290333688,
                0.000960522802779451,
                0.0007945594436023385,
                0.005205692176241427,
                0.001727228460367769,
                0.001022231060778722,
                0.0006338061357382685,
                0.0005108782206661999,
                0.00045293924340512605,
                0.00040367920591961594,
                0.000424006165121682,
                0.003086991549935192,
                0.003019935736665502,
                0.0009765625873114914,
                0.0006067780283046887,
                0.0004848911485169083,
                0.0003926738310838118,
                0.0003498340171063319,
                0.00032713006366975607,
                0.0010847274126717821,
                0.0010319566499674693,
                0.0007699767738813534,
                0.0003968794655520469,
                0.0007093943451764062
            ],
            "boundary": [
                87.86736669242381,
                12.943856763839722,
                4.245086741447449,
                1.8943185448646545,
                1.5304306745529175,
                1.117865753173828,
                0.7007466375827789,
                0.5178268313407898,
                0.3276528626680374,
                0.23403847813606263,
                0.21276452392339706,
                0.2470053493976593,
                0.18022224977612494,
                0.19280224815011024,
                0.20698173195123673,
                0.4076526552438736,
                0.23553262501955033,
                0.1866166591644287,
                0.1628960981965065,
                0.1476166255772114,
                0.10027999952435493,
                0.08357148841023446,
                0.05864303186535835,
                0.04383627995848656,
                0.05445333085954189,
                0.042578380554914474,
                0.28116978220641614,
                0.1971605595201254,
                0.07725229151546956,
                0.046021516621112826,
                0.03275174852460623,
                0.025860103778541088,
                0.0215705381706357,
                0.02200905606150627,
                0.16559182703495026,
                0.25188292637467385,
                0.14589663445949555,
                0.05117139033973217,
                0.03593033105134964,
                0.023497221432626246,
                0.018931239470839502,
                0.01721243429929018,
                0.044632958993315694,
                0.06758344657719136,
                0.04815036822110415,
                0.029037513956427573,
                0.033645769022405146
            ]
        },