{
    "start_datetime": "2025-06-17 11:11:44",
    "training_duration_minutes": 6.072508426507314,
    "model_parameters": 456769,
    "system_specs": {
        "platform": "Linux-6.1.123+-x86_64-with-glibc2.35",
        "python_version": "3.11.13",
        "torch_version": "2.5.1+cu124",
        "cuda_available": true,
        "cuda_version": "12.4",
        "gpu_count": 1,
        "primary_gpu_name": "NVIDIA L4",
        "gpu_details": {
            "gpu_0": {
                "name": "NVIDIA L4",
                "memory_total_gb": 22.16,
                "compute_capability": "8.9",
                "multi_processor_count": 58
            }
        },
        "cpu_count_logical": 12,
        "cpu_count_physical": 6,
        "memory_total_gb": 52.96
    },
    "simulation_time": 650,
    "dt": 20,
    "n_train": 1000,
    "n_val": 200,
    "n_test": 20,
    "input_channels": 6,
    "sequence_length": 33,
    "epochs": 1000,
    "hidden_dims": [
        64,
        64
    ],
    "kernel_size": [
        [
            3,
            3
        ],
        [
            3,
            3
        ]
    ],
    "scheduled_sampling": {
        "p0": 1.0,
        "p_min": 0.0,
        "decay_epochs": 200
    },
    "batch_size": 64,
    "lr": 1.0000000000000004e-08,
    "scheduler": {
        "type": "ReduceLROnPlateau",
        "factor": 0.1,
        "patience": 10,
        "final_lr": 1.0000000000000004e-08
    },
    "early_stop_patience": 100,
    "epochs_trained": 200,
    "best_val_loss": 0.003671716956887394,
    "train_loss": [
        0.8398902788758278,
        0.22852282598614693,
        0.07238910021260381,
        0.03323546750470996,
        0.01884061290184036,
        0.014768174558412284,
        0.011671776766888797,
        0.010031719342805445,
        0.009894195711240172,
        0.00831005466170609,
        0.007411932485410944,
        0.006449281325330958,
        0.005329047242412344,
        0.0051877006771974266,
        0.0038392534042941406,
        0.004934337586746551,
        0.0056767797213979065,
        0.0038055982877267525,
        0.0026372683933004737,
        0.0021553891274379566,
        0.002069143345579505,
        0.0020952248814865015,
        0.0017326772431260906,
        0.0024174218851840124,
        0.0029842014628229663,
        0.0021562147594522685,
        0.001302532502450049,
        0.0012944698464707471,
        0.0013087797924526967,
        0.001076825225027278,
        0.001203706498927204,
        0.001005627251288388,
        0.0007781478307151701,
        0.000974984017375391,
        0.0028470015968196094,
        0.001016801663354272,
        0.0006989334979152773,
        0.0006005170798744075,
        0.0005456204162328504,
        0.0005364147400541697,
        0.0005298427222442115,
        0.0005263177736196667,
        0.0005230425085755996,
        0.000520965266332496,
        0.0005165587554074591,
        0.0005123025730426889,
        0.0005112145954626612,
        0.0005062638720119139,
        0.0005030301599617815,
        0.0004993702823412605,
        0.0004960517544532195,
        0.0004924650511384243,
        0.0004912276908726199,
        0.00048672723460185807,
        0.00048314158448192757,
        0.0004804536438314244,
        0.0004770026862388477,
        0.0004745568730868399,
        0.0004705821065726923,
        0.0004671680726460181,
        0.000464697137431358,
        0.0004614304252754664,
        0.0004589332929754164,
        0.0004551698875729926,
        0.0004511087499849964,
        0.00044989908565185033,
        0.0004470333969948115,
        0.00044322924622974824,
        0.00043911208922509104,
        0.0004369334910734324,
        0.00043314550202921964,
        0.00043044199628639035,
        0.0004277761636330979,
        0.0004230836875649402,
        0.000421444492531009,
        0.0004169796138739912,
        0.0004160522876190953,
        0.0004162196873949142,
        0.00041426547068112995,
        0.0004073589516337961,
        0.0004003955618827604,
        0.0004021414861199446,
        0.00039765085057297256,
        0.0003917332724086009,
        0.0003891794603987364,
        0.0003861514396703569,
        0.0003874839676427655,
        0.00037951480771880597,
        0.0003902875632775249,
        0.0003903096367139369,
        0.00039522809856862295,
        0.0004105755160708213,
        0.0003953870418627048,
        0.00040217680725618266,
        0.0003960791818826692,
        0.0004210082224744838,
        0.0004657768295146525,
        0.0004043532499053981,
        0.0003876966529787751,
        0.0003613176249928074,
        0.0003652853447420057,
        0.00036551483390212525,
        0.0005227476085565286,
        0.0007786345904605696,
        0.0007732830017630477,
        0.0016731866544432705,
        0.006457330768171232,
        0.008903628622647375,
        0.005743669549701735,
        0.002283354988321662,
        0.0009607907559257001,
        0.0007054627858451568,
        0.0005777131191280205,
        0.0005625723242701497,
        0.000559193631488597,
        0.0005560951540246606,
        0.0005519713959074579,
        0.0005487694652401842,
        0.0005462376393552404,
        0.0005452455625345465,
        0.0005446580453281058,
        0.0005441978755698074,
        0.0005394804575189482,
        0.0005418193322839215,
        0.0005447514704428613,
        0.0005484826906467788,
        0.0005534716110560112,
        0.000553341753402492,
        0.0005599607829935849,
        0.0005613748144241981,
        0.0005674629319400992,
        0.0005714885774068534,
        0.0005735590093536302,
        0.0005771230717073195,
        0.0005825122207170352,
        0.0005855458075529896,
        0.0005911768348596524,
        0.0005998354245093651,
        0.0006003751295793336,
        0.0006067873218853492,
        0.0006121825754235033,
        0.0006178819930937607,
        0.0006236961016838904,
        0.0006310465250862762,
        0.0006354394754453097,
        0.0006485779922513757,
        0.0006542629780597053,
        0.000660509875160642,
        0.0006663693857262842,
        0.0006763111159671098,
        0.0006819201626058202,
        0.0006927605427335948,
        0.0006987513406784274,
        0.0007088309139362536,
        0.0007153963924793061,
        0.0007263642110046931,
        0.0007398593661491759,
        0.0007497814840462524,
        0.0007592122892674524,
        0.0007703681585553568,
        0.0007866804371587932,
        0.0007978694666235242,
        0.0008114304873743095,
        0.000825888266263064,
        0.0008347790608240757,
        0.0008576350192015525,
        0.0008727188978809863,
        0.0008908718373277225,
        0.0009061780729098246,
        0.0009306984720751643,
        0.0009499516818323173,
        0.0009733831502671819,
        0.0009930646410793997,
        0.0010263806470902637,
        0.0010460163430252578,
        0.001078230736311525,
        0.0011102553398814052,
        0.0011447391334513668,
        0.00117536795369233,
        0.0012180915946373716,
        0.0012612486680154689,
        0.0013071414505247958,
        0.0013603921615867876,
        0.0014188046116032638,
        0.0014747171153430827,
        0.0015379541509901173,
        0.0016236771698459052,
        0.0017079180179280229,
        0.0018012972504948266,
        0.0018995474529219791,
        0.0020391850266605616,
        0.00218008118099533,
        0.0023281288740690798,
        0.00250891759787919,
        0.002705142891500145,
        0.002955161966383457,
        0.0032284527842421085,
        0.0035772929986706004,
        0.003978865730459802,
        0.004429368651472032
    ],