{
    "start_datetime": "2025-05-30 06:47:39",
    "training_duration_minutes": 0.7043341159820556,
    "model_parameters": 456769,
    "system_specs": null,
    "hidden_dims": [
        64,
        64
    ],
    "kernel_size": [
        3,
        3
    ],
    "batch_size": 256,
    "lr": 1.0000000000000002e-06,
    "scheduler": {
        "type": "ReduceLROnPlateau",
        "factor": 0.1,
        "patience": 10,
        "final_lr": 1.0000000000000002e-06
    },
    "early_stop_patience": 50,
    "epochs_trained": 63,
    "best_val_loss": 0.8183490633964539,
    "train_loss": [
        1.0251758098602295,
        2.3146514892578125,
        2.3190085887908936,
        2.323125123977661,
        0.7738715410232544,
        1.8657939434051514,
        1.0539898872375488,
        0.754181981086731,
        0.5933392643928528,
        0.5406976938247681,
        0.47559940814971924,
        0.44852355122566223,
        0.5468173027038574,
        0.5984770655632019,
        0.350810170173645,
        0.441119909286499,
        0.3135090470314026,
        0.3185802698135376,
        0.30833062529563904,
        0.2760929465293884,
        0.25271889567375183,
        0.23670120537281036,
        0.23264150321483612,
        0.21397852897644043,
        0.1946834921836853,
        0.1785663515329361,
        0.17658822238445282,
        0.17423225939273834,
        0.17189820110797882,
        0.16965824365615845,
        0.16757802665233612,
        0.16562390327453613,
        0.1634712964296341,
        0.16124455630779266,
        0.15881577134132385,
        0.15675145387649536,
        0.15472400188446045,
        0.1547866314649582,
        0.15460112690925598,
        0.15467582643032074,
        0.15450018644332886,
        0.15445759892463684,
        0.15441331267356873,
        0.15423165261745453,
        0.1541782170534134,
        0.15400229394435883,
        0.15396790206432343,
        0.15371569991111755,
        0.15398652851581573,
        0.1540547013282776,
        0.15428149700164795,
        0.15442176163196564,
        0.1546306163072586,
        0.1548023223876953,
        0.15501151978969574,
        0.15517477691173553,
        0.15534333884716034,
        0.15544338524341583,
        0.1558026373386383,
        0.15585483610630035,
        0.15615783631801605,
        0.1564210206270218,
        0.1564638614654541
    ],
    "val_loss": [
        2.009889602661133,
        2.009889602661133,
        2.009889602661133,
        1.121450424194336,
        5.672119617462158,
        1.2452741861343384,
        1.0437239408493042,
        0.8631796836853027,
        1.3955751657485962,
        1.0213522911071777,
        1.144827127456665,
        1.012283205986023,
        1.964023470878601,
        0.8183490633964539,
        1.4296718835830688,
        0.9543249011039734,
        1.2991535663604736,
        1.543918490409851,
        0.9245041608810425,
        0.8283660411834717,
        1.1850253343582153,
        1.5400476455688477,
        1.7497247457504272,
        1.6710447072982788,
        1.7116886377334595,
        1.7107205390930176,
        1.68906569480896,
        1.6907012462615967,
        1.6518312692642212,
        1.6156678199768066,
        1.5707391500473022,
        1.5329208374023438,
        1.5024826526641846,
        1.5132644176483154,
        1.503581166267395,
        1.477705717086792,
        1.471524715423584,
        1.465316653251648,
        1.459949254989624,
        1.4554072618484497,
        1.4516879320144653,
        1.4482187032699585,
        1.4456686973571777,
        1.442881464958191,
        1.4399540424346924,
        1.4348698854446411,
        1.4269466400146484,
        1.4264322519302368,
        1.4262322187423706,
        1.4258551597595215,
        1.4253947734832764,
        1.4247996807098389,
        1.4240559339523315,
        1.422939658164978,
        1.4220337867736816,
        1.421016812324524,
        1.419958233833313,
        1.4193249940872192,
        1.4192414283752441,
        1.419288992881775,
        1.419203281402588,
        1.4191633462905884,
        1.4190998077392578
    ]
}