{
    "start_datetime": "2025-06-10 15:42:09",
    "training_duration_minutes": 0.11392223437627157,
    "model_parameters": 456769,
    "system_specs": null,
    "simulation_time": 650,
    "dt": 50,
    "n_train": 10,
    "n_val": 2,
    "n_test": 20,
    "input_channels": 6,
    "sequence_length": 14,
    "epochs": 1000,
    "hidden_dims": [
        64,
        64
    ],
    "kernel_size": [
        3,
        3
    ],
    "scheduled_sampling": {
        "p0": 1.0,
        "p_min": 0.0,
        "decay_epochs": 200
    },
    "batch_size": 16,
    "lr": 1.0000000000000002e-07,
    "scheduler": {
        "type": "ReduceLROnPlateau",
        "factor": 0.1,
        "patience": 10,
        "final_lr": 1.0000000000000002e-07
    },
    "early_stop_patience": 50,
    "epochs_trained": 80,
    "best_val_loss": 0.19574636220932007,
    "train_loss": [
        0.8035094738006592,
        0.6939100027084351,
        0.9741666316986084,
        0.7771519422531128,
        0.6773902177810669,
        0.6174620985984802,
        0.5307976603507996,
        0.435452938079834,
        0.3644551932811737,
        0.2986254394054413,
        0.2833489179611206,
        0.47309020161628723,
        0.3223966658115387,
        0.3052724599838257,
        0.2305871844291687,
        0.2250046283006668,
        0.20293858647346497,
        0.17160896956920624,
        0.16443440318107605,
        0.15018601715564728,
        0.1477275937795639,
        0.14284980297088623,
        0.137112557888031,
        0.13218680024147034,
        0.12909826636314392,
        0.12727563083171844,
        0.12615154683589935,
        0.12539415061473846,
        0.12484956532716751,
        0.1232696920633316,
        0.12119881063699722,
        0.1189088374376297,
        0.11668963730335236,
        0.11468949913978577,
        0.11226189881563187,
        0.11085379868745804,
        0.11001313477754593,
        0.10940898954868317,
        0.10709615796804428,
        0.10501603037118912,
        0.10342013090848923,
        0.10203798860311508,
        0.10134992003440857,
        0.10118336975574493,
        0.10154428333044052,
        0.1019444540143013,
        0.10141829401254654,
        0.10140860825777054,
        0.10031955689191818,
        0.10151762515306473,
        0.10099674016237259,
        0.10062593966722488,
        0.10038717836141586,
        0.100541852414608,
        0.10134565085172653,
        0.10035408288240433,
        0.1009412631392479,
        0.10100366175174713,
        0.10126890987157822,
        0.10156194865703583,
        0.10106881707906723,
        0.10084933787584305,
        0.10132933408021927,
        0.10192068666219711,
        0.10210862755775452,
        0.1019274964928627,
        0.10245367884635925,
        0.10261234641075134,
        0.10285919159650803,
        0.10239697992801666,
        0.10301618278026581,
        0.10257747024297714,
        0.10250074416399002,
        0.10336770117282867,
        0.10242917388677597,
        0.10321692377328873,
        0.10418736189603806,
        0.10404522716999054,
        0.10495322197675705,
        0.10490202158689499
    ],
    "val_loss": [
        0.7487204074859619,
        0.7438086271286011,
        0.6056652069091797,
        0.5278019309043884,
        0.4794558584690094,
        0.41858798265457153,
        0.36764299869537354,
        0.3587783873081207,
        0.4754026532173157,
        0.5655531883239746,
        0.8994262218475342,
        0.41138145327568054,
        0.5590028762817383,
        0.36788228154182434,
        0.43793728947639465,
        0.37270477414131165,
        0.3692818284034729,
        0.4168897867202759,
        0.39344486594200134,
        0.39020201563835144,
        0.3869987428188324,
        0.3838021457195282,
        0.3795955777168274,
        0.37358558177948,
        0.35998064279556274,
        0.33426812291145325,
        0.29658955335617065,
        0.2548881769180298,
        0.22003509104251862,
        0.20092561841011047,
        0.19574636220932007,
        0.20234952867031097,
        0.21898791193962097,
        0.24594861268997192,
        0.27612996101379395,
        0.298481822013855,
        0.31315505504608154,
        0.3238503634929657,
        0.3238256573677063,
        0.3159335255622864,
        0.30376946926116943,
        0.291667640209198,
        0.29071956872940063,
        0.29009467363357544,
        0.28980499505996704,
        0.2897432744503021,
        0.2898736000061035,
        0.2901528775691986,
        0.2906906306743622,
        0.29127857089042664,
        0.2919858694076538,
        0.29253092408180237,
        0.29293960332870483,
        0.29296207427978516,
        0.2929660975933075,
        0.2929568886756897,
        0.2929208278656006,
        0.2928716242313385,
        0.2928043603897095,
        0.2927152216434479,
        0.2926040291786194,
        0.2924884259700775,
        0.2923794984817505,
        0.2922537922859192,
        0.29224133491516113,
        0.2922285795211792,
        0.2922133505344391,
        0.29219934344291687,
        0.2921849489212036,
        0.2921682298183441,
        0.2921486496925354,
        0.29212936758995056,
        0.2921084761619568,
        0.29208672046661377,
        0.2920645475387573,
        0.29206225275993347,
        0.29206007719039917,
        0.29205790162086487,
        0.29205557703971863,
        0.29205307364463806
    ]
}