{
    "start_datetime": "2025-06-03 11:41:56",
    "training_duration_minutes": 30.57995431025823,
    "model_parameters": 456769,
    "system_specs": null,
    "hidden_dims": [
        64,
        64
    ],
    "kernel_size": [
        3,
        3
    ],
    "batch_size": 16,
    "lr": 1.0000000000000002e-07,
    "scheduler": {
        "type": "ReduceLROnPlateau",
        "factor": 0.1,
        "patience": 10,
        "final_lr": 1.0000000000000002e-07
    },
    "early_stop_patience": 50,
    "epochs_trained": 78,
    "best_val_loss": 0.7008987367153168,
    "train_loss": [
        1.2515746695654733,
        0.5026550037520272,
        0.6116116770676204,
        0.6776697039604187,
        0.7326732618468148,
        0.8637914231845311,
        0.9308143513543266,
        1.1117749214172363,
        0.9904551676341465,
        1.0104703903198242,
        0.982883768422263,
        0.8689894676208496,
        0.8654272641454425,
        0.9638065525463649,
        0.8146364177976336,
        0.7450139267104012,
        0.7190721035003662,
        0.7493411643164498,
        0.7192594664437431,
        0.6767759152821132,
        0.6561797090939113,
        0.6350219420024327,
        0.6297452620097569,
        0.6266684447016034,
        0.5968642915998187,
        0.5967246464320591,
        0.5740671328135899,
        0.5728887276990073,
        0.5106505921908787,
        0.5190628639289311,
        0.5470635039465768,
        0.6084385684558323,
        0.6171181457383292,
        0.5791825907570975,
        0.5125935418265206,
        0.5519842505455017,
        0.5250364116259983,
        0.49949152554784504,
        0.5382016514028821,
        0.4816100299358368,
        0.45218704427991596,
        0.46402877143451143,
        0.48432532804352896,
        0.44729019488607136,
        0.41310785923685345,
        0.43791896530560087,
        0.42772491914885385,
        0.41981232166290283,
        0.4244477535997118,
        0.40634338344846455,
        0.4015296825340816,
        0.39079587374414715,
        0.3775835633277893,
        0.38784443054880413,
        0.3817861931664603,
        0.37685455594744,
        0.40655639341899324,
        0.3807943676199232,
        0.3782833644321987,
        0.3924443338598524,
        0.38680208155087065,
        0.38754713961056303,
        0.39302150692258564,
        0.37509271076747347,
        0.3951090489115034,
        0.39359134435653687,
        0.3914192957537515,
        0.39505393164498465,
        0.3979768455028534,
        0.401161538703101,
        0.3877705250467573,
        0.39509841799736023,
        0.3950956293514797,
        0.3846160556588854,
        0.4022738422666277,
        0.39343369007110596,
        0.3864210290568216,
        0.40648235593523296
    ],
    "val_loss": [
        1.0512736439704895,
        1.0545343160629272,
        0.9633050560951233,
        1.1427642107009888,
        1.1287548243999481,
        1.2142609357833862,
        1.395376980304718,
        1.3135994672775269,
        1.2340508103370667,
        1.2207725942134857,
        1.1200339794158936,
        1.063205748796463,
        1.0313468873500824,
        1.0730728507041931,
        1.0307791531085968,
        0.9559744894504547,
        0.9615238308906555,
        0.9871343076229095,
        0.9055976569652557,
        0.9231080114841461,
        0.8707271218299866,
        0.8282372355461121,
        0.8060412108898163,
        0.7873448431491852,
        0.7559393644332886,
        0.7417221963405609,
        0.8165951073169708,
        0.7489856481552124,
        0.7008987367153168,
        0.7524251341819763,
        0.7569751441478729,
        0.8429349660873413,
        0.7050635814666748,
        0.7631591260433197,
        0.7221739292144775,
        0.8549084365367889,
        0.7028847634792328,
        0.7581175565719604,
        0.7692754864692688,
        0.7389996945858002,
        0.7108471393585205,
        0.7290428876876831,
        0.7538624405860901,
        0.7676103711128235,
        0.8740448951721191,
        0.9029305577278137,
        0.8394899964332581,
        0.7979262471199036,
        0.7526936233043671,
        0.7396818399429321,
        0.7345775365829468,
        0.7396973669528961,
        0.7372789680957794,
        0.7346385419368744,
        0.7310786843299866,
        0.7287642359733582,
        0.7248525619506836,
        0.7247772216796875,
        0.7243761718273163,
        0.7235054969787598,
        0.7230982482433319,
        0.7205353379249573,
        0.720437228679657,
        0.7200086116790771,
        0.7192110121250153,
        0.7178413271903992,
        0.7167682945728302,
        0.7170529961585999,
        0.7168147265911102,
        0.7168163061141968,
        0.7171843945980072,
        0.7168197929859161,
        0.7163417935371399,
        0.7162163555622101,
        0.7161325514316559,
        0.7160677909851074,
        0.7159843146800995,
        0.7159337997436523
    ]
}