{
    "start_datetime": "2025-06-13 11:56:45",
    "training_duration_minutes": 0.6908716917037964,
    "model_parameters": 456769,
    "system_specs": null,
    "simulation_time": 50,
    "dt": 10,
    "n_train": 1000,
    "n_val": 200,
    "n_test": 20,
    "input_channels": 6,
    "sequence_length": 6,
    "epochs": 1000,
    "hidden_dims": [
        64,
        64
    ],
    "kernel_size": [
        3,
        3
    ],
    "scheduled_sampling": {
        "p0": 1.0,
        "p_min": 0.0,
        "decay_epochs": 200
    },
    "batch_size": 16,
    "lr": 0.01,
    "scheduler": {
        "type": "ReduceLROnPlateau",
        "factor": 0.1,
        "patience": 10,
        "final_lr": 0.01
    },
    "early_stop_patience": 50,
    "epochs_trained": 17,
    "best_val_loss": 0.0005564772985123384,
    "train_loss": [
        0.2679739337828424,
        0.08011929412919377,
        0.024708716627506035,
        0.011606707518535948,
        0.004657460010743567,
        0.002506361904716681,
        0.0025480149095759744,
        0.0014981274541083073,
        0.0017556136109984466,
        0.0011143097312130508,
        0.0008248493471737241,
        0.0014471965278351,
        0.0013089212163957574,
        0.0018212624210199074,
        0.0005655503436361276,
        0.0005851045286925953,
        0.0008345258501653988
    ],
    "val_loss": [
        0.12078060037814654,
        0.04180026828096463,
        0.01711110591601867,
        0.008214800117107538,
        0.002970910326649363,
        0.002218744708583332,
        0.003450267787019794,
        0.0011867399936398636,
        0.001031302940995934,
        0.0009980550250754906,
        0.0046994075752221625,
        0.0012555026601498516,
        0.010560412819568928,
        0.0007875645936180193,
        0.0005564772985123384,
        0.0007828145641654443,
        0.0007099122471677569
    ]
}