{
    "start_datetime": "2025-06-17 11:18:29",
    "training_duration_minutes": 2.0838005463282268,
    "model_parameters": 456769,
    "system_specs": {
        "platform": "Linux-6.1.123+-x86_64-with-glibc2.35",
        "python_version": "3.11.13",
        "torch_version": "2.5.1+cu124",
        "cuda_available": true,
        "cuda_version": "12.4",
        "gpu_count": 1,
        "primary_gpu_name": "NVIDIA L4",
        "gpu_details": {
            "gpu_0": {
                "name": "NVIDIA L4",
                "memory_total_gb": 22.16,
                "compute_capability": "8.9",
                "multi_processor_count": 58
            }
        },
        "cpu_count_logical": 12,
        "cpu_count_physical": 6,
        "memory_total_gb": 52.96
    },
    "simulation_time": 650,
    "dt": 50,
    "n_train": 1000,
    "n_val": 200,
    "n_test": 20,
    "input_channels": 6,
    "sequence_length": 14,
    "epochs": 1000,
    "hidden_dims": [
        64,
        64
    ],
    "kernel_size": [
        [
            3,
            3
        ],
        [
            3,
            3
        ]
    ],
    "scheduled_sampling": {
        "p0": 1.0,
        "p_min": 0.0,
        "decay_epochs": 200
    },
    "batch_size": 64,
    "lr": 1.0000000000000004e-08,
    "scheduler": {
        "type": "ReduceLROnPlateau",
        "factor": 0.1,
        "patience": 10,
        "final_lr": 1.0000000000000004e-08
    },
    "early_stop_patience": 100,
    "epochs_trained": 158,
    "best_val_loss": 0.005555814015679061,
    "train_loss": [
        2.0794988311827183,
        0.2192320334725082,
        0.06425765599124134,
        0.02573037543334067,
        0.013638815726153553,
        0.009271060087485239,
        0.006695434800349176,
        0.006286292365984991,
        0.005301117897033691,
        0.004092547154868953,
        0.0034485861542634666,
        0.0029526234429795295,
        0.0025926288799382746,
        0.0026284774648956954,
        0.0029438710334943607,
        0.0028712432394968346,
        0.0019476042070891708,
        0.001569634463521652,
        0.0015623170911567286,
        0.001437771563360002,
        0.002050440074526705,
        0.0018092334139510058,
        0.0016222011327045038,
        0.0019461980336927809,
        0.0025477554045210127,
        0.001643805022467859,
        0.0010831162035174202,
        0.0009923894940584432,
        0.0007531098381150514,
        0.0006673727402812801,
        0.0006437051451939624,
        0.0006841511822130997,
        0.0009989391037379391,
        0.0032150416482181754,
        0.004336171201430261,
        0.002375008953094948,
        0.002123037978890352,
        0.0012809871368517634,
        0.000765334098105086,
        0.0006219670758582652,
        0.0005088698053441476,
        0.0004638197679014411,
        0.00045652835433429573,
        0.00045300125202629715,
        0.0004500198319874471,
        0.00044594475730264094,
        0.00044355859972711187,
        0.0004430864973983262,
        0.00044223983968549874,
        0.0004401256937853759,
        0.0004387198478070786,
        0.0004363742536952486,
        0.00043392064435465727,
        0.0004286216226319084,
        0.00042841655340453144,
        0.000427035349275684,
        0.00042776178815984167,
        0.0004268026787030976,
        0.00042506053432589397,
        0.00042448028034414165,
        0.0004304240646888502,
        0.0004431782854226185,
        0.0004896802911389386,
        0.000583844632274122,
        0.0008570781646994874,
        0.0014255748537834734,
        0.002272652134706732,
        0.0029492004396161065,
        0.0028199814551044255,
        0.00234130540775368,
        0.0011400118237361312,
        0.0006790879524487536,
        0.0005674719977832865,
        0.0005386737084336346,
        0.000516730653544073,
        0.0005140045468579046,
        0.0005083678261144087,
        0.0005049011087976396,
        0.0005063745284132892,
        0.0005057580383436289,
        0.0005036248512624297,
        0.0005048123730375664,
        0.0005075772260170197,
        0.000511558373545995,
        0.0005118863100506132,
        0.0005150537908775732,
        0.0005163819059816888,
        0.0005215298406255897,
        0.0005253965682641137,
        0.000526336201801314,
        0.000529501126948162,
        0.0005323596597008873,
        0.0005360939794627484,
        0.0005390145834098803,
        0.0005393663595896214,
        0.000549046086234739,
        0.0005465108188218437,
        0.0005536442185984924,
        0.0005536457683774643,
        0.0005610757725662552,
        0.0005655157656292431,
        0.0005708346543542575,
        0.0005771910400653724,
        0.0005767001712229103,
        0.0005829458496009465,
        0.0005895637514186092,
        0.0005903209894313477,
        0.0005971864338789601,
        0.0005963265466562007,
        0.0006075094206607901,
        0.0006115345167927444,
        0.0006176251881697681,
        0.0006224067510629538,
        0.0006307750736596063,
        0.0006342928027152084,
        0.0006380814156727865,
        0.0006463344980147667,
        0.0006537386325362604,
        0.0006597132924071047,
        0.0006630306888837367,
        0.0006702572172798682,
        0.0006781656811654102,
        0.0006913450160936918,
        0.0006945390414330177,
        0.0006979299942031503,
        0.0007089549035299569,
        0.0007148553013394121,
        0.0007206326154118869,
        0.0007365528581431136,
        0.0007355435081990436,
        0.0007476783794118091,
        0.0007565193300251849,
        0.0007629659594385885,
        0.0007719746754446533,
        0.0007812680014467333,
        0.0007904066224000417,
        0.0008007441974768881,
        0.0008146007749019191,
        0.0008280977635877207,
        0.0008393211974180304,
        0.0008567250697524287,
        0.0008588566706748679,
        0.0008733406975807156,
        0.0008871669888321776,
        0.0008969470363808796,
        0.0009117340159718879,
        0.000926952841837192,
        0.0009468251228099689,
        0.000955476160015678,
        0.0009876280164462514,
        0.0009903963473334443,
        0.001013269695249619,
        0.0010244166624033824,
        0.0010389275230409112,
        0.0010618697742756922,
        0.0010816052235895768,
        0.0011073013774876017,
        0.0011340544588165358
    ],