{
    "start_datetime": "2025-06-21 08:51:28",
    "training_duration_minutes": 1.275226322809855,
    "model_parameters": 456769,
    "system_specs": {
        "platform": "Windows-10-10.0.19041-SP0",
        "python_version": "3.9.21",
        "torch_version": "2.5.1",
        "cuda_available": true,
        "cuda_version": "11.8",
        "gpu_count": 1,
        "primary_gpu_name": "NVIDIA GeForce GTX 1050",
        "gpu_details": {
            "gpu_0": {
                "name": "NVIDIA GeForce GTX 1050",
                "memory_total_gb": 2.0,
                "compute_capability": "6.1",
                "multi_processor_count": 5
            }
        },
        "cpu_count_logical": 6,
        "cpu_count_physical": 6,
        "memory_total_gb": 15.92
    },
    "simulation_time": 650,
    "dt": 10,
    "n_train": 10,
    "n_val": 2,
    "n_test": 0,
    "input_channels": 6,
    "sequence_length": 66,
    "epochs": 1000,
    "hidden_dims": [
        64,
        64
    ],
    "kernel_size": [
        [
            3,
            3
        ],
        [
            3,
            3
        ]
    ],
    "scheduled_sampling": {
        "p0": 1.0,
        "p_min": 0.0,
        "decay_epochs": 200
    },
    "batch_size": 64,
    "lr": 1.0000000000000004e-08,
    "scheduler": {
        "type": "ReduceLROnPlateau",
        "factor": 0.1,
        "patience": 10,
        "final_lr": 1.0000000000000004e-08
    },
    "early_stop_patience": 100,
    "epochs_trained": 143,
    "best_val_loss": 0.11400216817855835,
    "train_loss": [
        0.7936984896659851,
        2.325500965118408,
        2.3249356746673584,
        2.3255860805511475,
        1.5322847366333008,
        0.9057633280754089,
        0.739432692527771,
        0.7604995369911194,
        0.766842246055603,
        0.8325709700584412,
        0.7044552564620972,
        0.6738017797470093,
        0.6082035899162292,
        0.7107244729995728,
        0.5331268310546875,
        0.5143711566925049,
        0.47961243987083435,
        0.4134002923965454,
        0.345187246799469,
        0.31054869294166565,
        0.2841288447380066,
        0.24739554524421692,
        0.20566236972808838,
        0.17992667853832245,
        0.15104061365127563,
        0.15313468873500824,
        0.19495652616024017,
        0.15884168446063995,
        0.12120962142944336,
        0.11595914512872696,
        0.10189112275838852,
        0.10363869369029999,
        0.08599559217691422,
        0.08604415506124496,
        0.07898484170436859,
        0.08264579623937607,
        0.06911909580230713,
        0.07087226212024689,
        0.06334562599658966,
        0.06502961367368698,
        0.05796944350004196,
        0.057388972491025925,
        0.05298154801130295,
        0.050527434796094894,
        0.05054390802979469,
        0.04552225396037102,
        0.046617548912763596,
        0.0429091639816761,
        0.038803331553936005,
        0.03688821941614151,
        0.034808140248060226,
        0.03302178531885147,
        0.03181356191635132,
        0.029218366369605064,
        0.029655635356903076,
        0.027426600456237793,
        0.0267334021627903,
        0.0256064310669899,
        0.025356484577059746,
        0.02549608238041401,
        0.02576543390750885,
        0.025393171235919,
        0.024762257933616638,
        0.024189747869968414,
        0.024193478748202324,
        0.02404484711587429,
        0.023887738585472107,
        0.02387428842484951,
        0.02369644120335579,
        0.023800674825906754,
        0.023596810176968575,
        0.02356940694153309,
        0.023651089519262314,
        0.02370169386267662,
        0.023521384224295616,
        0.02344692312180996,
        0.023405658081173897,
        0.023392409086227417,
        0.023552391678094864,
        0.023579349741339684,
        0.02393348328769207,
        0.023605382069945335,
        0.023787803947925568,
        0.024082861840724945,
        0.02414875663816929,
        0.023939618840813637,
        0.024025432765483856,
        0.024466149508953094,
        0.023919040337204933,
        0.024208279326558113,
        0.02441978082060814,
        0.024026796221733093,
        0.02458939515054226,
        0.02449173852801323,
        0.02450711280107498,
        0.02451832965016365,
        0.024695703759789467,
        0.02487216889858246,
        0.025028757750988007,
        0.025259148329496384,
        0.024817904457449913,
        0.024914555251598358,
        0.02531331591308117,
        0.02525310218334198,
        0.02528384141623974,
        0.025570858269929886,
        0.025340545922517776,
        0.025798505172133446,
        0.02549133636057377,
        0.025851638987660408,
        0.025946905836462975,
        0.025750497356057167,
        0.02614947035908699,
        0.02619834803044796,
        0.026190001517534256,
        0.025971269235014915,
        0.026916084811091423,
        0.026507200673222542,
        0.02656642161309719,
        0.026824796572327614,
        0.027280326932668686,
        0.027069181203842163,
        0.027585020288825035,
        0.027066916227340698,
        0.027986736968159676,
        0.02736421674489975,
        0.027609776705503464,
        0.028006186708807945,
        0.027999114245176315,
        0.02830963209271431,
        0.028215400874614716,
        0.028526421636343002,
        0.028167670592665672,
        0.028958864510059357,
        0.029475055634975433,
        0.029872864484786987,
        0.029312264174222946,
        0.028830796480178833,
        0.029960155487060547,
        0.02937617525458336,
        0.03057991899549961,
        0.030475754290819168,
        0.03139403089880943
    ],