{
    "start_datetime": "2025-05-29 07:49:26",
    "training_duration_minutes": 4.93301774263382,
    "system_specs": null,
    "hidden_dims": [
        64,
        64
    ],
    "kernel_size": [
        3,
        3
    ],
    "batch_size": 256,
    "lr": 1.0000000000000002e-06,
    "scheduler": {
        "type": "ReduceLROnPlateau",
        "factor": 0.1,
        "patience": 10,
        "final_lr": 1.0000000000000002e-06
    },
    "early_stop_patience": 50,
    "epochs_trained": 77,
    "best_val_loss": 0.01743808388710022,
    "train_loss": [
        1.9688078463077545,
        0.5929696202278137,
        0.46174009144306183,
        0.5011950433254242,
        0.5671608805656433,
        0.4204355597496033,
        0.3358060359954834,
        0.2734291762113571,
        0.20455606728792192,
        0.14733445197343825,
        0.10812383815646172,
        0.09601179584860801,
        0.06835860796272755,
        0.051778389140963554,
        0.04126152135431767,
        0.03464352209120989,
        0.03065648041665554,
        0.026986199989914895,
        0.027075262181460856,
        0.024324618838727476,
        0.023898359574377536,
        0.03240307103842497,
        0.026252751424908637,
        0.018322134390473366,
        0.015079488325864077,
        0.01333193127065897,
        0.012121882662177086,
        0.011044425703585149,
        0.011815526708960532,
        0.01980477049946785,
        0.015884160157293083,
        0.013223015144467354,
        0.01635212581604719,
        0.02295037265866995,
        0.4250913102179766,
        0.4539330989122391,
        0.3423764079809189,
        0.251654876768589,
        0.3543304055929184,
        0.23799170404672623,
        0.20960966795682906,
        0.174107925593853,
        0.1515565112233162,
        0.1317891962826252,
        0.12020990699529648,
        0.11395291537046433,
        0.10769075974822044,
        0.10207584276795387,
        0.09777997434139252,
        0.09415517449378967,
        0.09247987270355225,
        0.09199207201600075,
        0.09153080806136131,
        0.09116338193416595,
        0.09067052826285363,
        0.09037061184644699,
        0.0898872286081314,
        0.08953142985701561,
        0.08920597732067108,
        0.0888268269598484,
        0.08833562061190606,
        0.08814915493130684,
        0.08809900507330895,
        0.08803187534213067,
        0.08804912939667701,
        0.08803027346730233,
        0.08803079798817634,
        0.08795184120535851,
        0.08788026049733162,
        0.08783379122614861,
        0.08775865510106087,
        0.08773925602436065,
        0.08776565417647361,
        0.08770302012562751,
        0.08772600367665291,
        0.08769330307841301,
        0.0877603106200695
    ],
    "val_loss": [
        0.6382312774658203,
        0.5793288946151733,
        0.6837062239646912,
        0.6176076531410217,
        0.5066907405853271,
        0.45012977719306946,
        0.46025413274765015,
        0.5123608112335205,
        0.5163742303848267,
        0.5551694631576538,
        0.5575408339500427,
        0.5177929997444153,
        0.37581706047058105,
        0.36537668108940125,
        0.38211020827293396,
        0.2819673418998718,
        0.3146979510784149,
        0.11217426508665085,
        0.16182154417037964,
        0.143462136387825,
        0.5147688984870911,
        0.19380104541778564,
        0.13345783948898315,
        0.0434226393699646,
        0.026677263900637627,
        0.026662645861506462,
        0.021288922056555748,
        0.01743808388710022,
        0.1669413149356842,
        0.11721581220626831,
        0.03561217710375786,
        0.07081888616085052,
        0.11913692951202393,
        0.05185454338788986,
        0.5964864492416382,
        0.44677215814590454,
        0.49000898003578186,
        0.5729694962501526,
        0.3245379328727722,
        0.28932565450668335,
        0.2004970759153366,
        0.17151734232902527,
        0.15072067081928253,
        0.13192260265350342,
        0.12220073491334915,
        0.11298166215419769,
        0.10547441989183426,
        0.09891093522310257,
        0.09450101852416992,
        0.09014892578125,
        0.08977045118808746,
        0.08940406143665314,
        0.08900713920593262,
        0.08863309770822525,
        0.08820540457963943,
        0.08780796825885773,
        0.08745502680540085,
        0.08705375343561172,
        0.08648330718278885,
        0.08613314479589462,
        0.0857744887471199,
        0.0857471227645874,
        0.08570455759763718,
        0.08565639704465866,
        0.08560574799776077,
        0.08556963503360748,
        0.08553977310657501,
        0.08549768477678299,
        0.0854555144906044,
        0.08541703224182129,
        0.08538471162319183,
        0.08535535633563995,
        0.08535031974315643,
        0.08534601330757141,
        0.08534184843301773,
        0.08533711731433868,
        0.08533156663179398
    ]
}