{
    "start_datetime": "2025-05-28 13:28:43",
    "training_duration_minutes": 8.159700493017832,
    "system_specs": null,
    "hidden_dims": [
        64,
        64
    ],
    "kernel_size": [
        3,
        3
    ],
    "batch_size": 128,
    "lr": 0.001,
    "scheduler": {
        "type": "ReduceLROnPlateau",
        "factor": 0.1,
        "patience": 10,
        "final_lr": 0.001
    },
    "early_stop_patience": 50,
    "epochs_trained": 189,
    "best_val_loss": 0.11956913024187088,
    "train_loss": [
        0.46012887358665466,
        0.46013888716697693,
        0.7749499678611755,
        0.5002764463424683,
        0.39857134222984314,
        0.34295159578323364,
        0.28863850235939026,
        0.26526784896850586,
        0.24589002132415771,
        0.2392011135816574,
        0.23113462328910828,
        0.2249317169189453,
        0.22047188878059387,
        0.21800412237644196,
        0.21587856113910675,
        0.2144317924976349,
        0.21302847564220428,
        0.2100754976272583,
        0.20802949368953705,
        0.2055298089981079,
        0.2026805728673935,
        0.19938874244689941,
        0.1971791535615921,
        0.1948201060295105,
        0.19234837591648102,
        0.19026415050029755,
        0.18982064723968506,
        0.19420064985752106,
        0.20097659528255463,
        0.19802288711071014,
        0.19287049770355225,
        0.20174163579940796,
        0.19097323715686798,
        0.19189618527889252,
        0.19338063895702362,
        0.18853382766246796,
        0.1864163875579834,
        0.19206775724887848,
        0.1900651752948761,
        0.18743498623371124,
        0.18555296957492828,
        0.1847660392522812,
        0.18477968871593475,
        0.18525314331054688,
        0.18579204380512238,
        0.18637055158615112,
        0.18667754530906677,
        0.186636820435524,
        0.18637245893478394,
        0.1859082728624344,
        0.18534120917320251,
        0.18478767573833466,
        0.18434035778045654,
        0.18409980833530426,
        0.18401239812374115,
        0.1840999871492386,
        0.18424801528453827,
        0.18432240188121796,
        0.18419697880744934,
        0.18387994170188904,
        0.183476060628891,
        0.1830853372812271,
        0.18280085921287537,
        0.18260344862937927,
        0.18245208263397217,
        0.1822795420885086,
        0.18203310668468475,
        0.18170857429504395,
        0.18136879801750183,
        0.18113525211811066,
        0.18107931315898895,
        0.18107859790325165,
        0.18095000088214874,
        0.18068112432956696,
        0.18041707575321198,
        0.18025973439216614,
        0.1801716834306717,
        0.18005956709384918,
        0.17986838519573212,
        0.17964224517345428,
        0.17945246398448944,
        0.17931756377220154,
        0.17917723953723907,
        0.17898063361644745,
        0.17874568700790405,
        0.17853567004203796,
        0.1783723086118698,
        0.17822431027889252,
        0.17804646492004395,
        0.1778305470943451,
        0.17760224640369415,
        0.177388533949852,
        0.17717500030994415,
        0.1769477277994156,
        0.17669513821601868,
        0.17644672095775604,
        0.17623618245124817,
        0.17603421211242676,
        0.17581979930400848,
        0.17558716237545013,
        0.17535357177257538,
        0.17510449886322021,
        0.17483125627040863,
        0.1745375394821167,
        0.17424675822257996,
        0.173964262008667,
        0.17366936802864075,
        0.17336413264274597,
        0.1730511337518692,
        0.1727205216884613,
        0.17234854400157928,
        0.1719581037759781,
        0.17156121134757996,
        0.1711481213569641,
        0.1707441210746765,
        0.17032551765441895,
        0.16987545788288116,
        0.1694280356168747,
        0.16897296905517578,
        0.1685253530740738,
        0.1680719405412674,
        0.16761520504951477,
        0.16714894771575928,
        0.16668038070201874,
        0.16620032489299774,
        0.16570785641670227,
        0.16519956290721893,
        0.16466999053955078,
        0.16410985589027405,
        0.16353991627693176,
        0.1629403680562973,
        0.16231778264045715,
        0.16167908906936646,
        0.16102267801761627,
        0.1603405773639679,
        0.15964755415916443,
        0.15895381569862366,
        0.1582770198583603,
        0.15763892233371735,
        0.1571580022573471,
        0.15684789419174194,
        0.15626873075962067,
        0.15511870384216309,
        0.15457311272621155,
        0.15457524359226227,
        0.15385890007019043,
        0.1527830809354782,
        0.15204215049743652,
        0.15172310173511505,
        0.1514427661895752,
        0.15038180351257324,
        0.14937599003314972,
        0.14874377846717834,
        0.14846482872962952,
        0.14831578731536865,
        0.14722394943237305,
        0.14600563049316406,
        0.1450868397951126,
        0.14432071149349213,
        0.14393556118011475,
        0.14487159252166748,
        0.14842858910560608,
        0.14155669510364532,
        0.142425537109375,
        0.14587053656578064,
        0.1385883390903473,
        0.14428891241550446,
        0.14164890348911285,
        0.13844482600688934,
        0.1426376849412918,
        0.13541847467422485,
        0.14045777916908264,
        0.1338241994380951,
        0.13888640701770782,
        0.13309474289417267,
        0.13555283844470978,
        0.13227005302906036,
        0.13313604891300201,
        0.1310461014509201,
        0.13061769306659698,
        0.13033615052700043,
        0.12795594334602356,
        0.1289842128753662,
        0.1264505684375763,
        0.12768076360225677,
        0.12515495717525482,
        0.12535561621189117,
        0.12460311502218246,
        0.1229388415813446
    ],