{
    "start_datetime": "2025-06-17 11:25:42",
    "training_duration_minutes": 1.1329641302426656,
    "model_parameters": 456769,
    "system_specs": {
        "platform": "Linux-6.1.123+-x86_64-with-glibc2.35",
        "python_version": "3.11.13",
        "torch_version": "2.5.1+cu124",
        "cuda_available": true,
        "cuda_version": "12.4",
        "gpu_count": 1,
        "primary_gpu_name": "NVIDIA L4",
        "gpu_details": {
            "gpu_0": {
                "name": "NVIDIA L4",
                "memory_total_gb": 22.16,
                "compute_capability": "8.9",
                "multi_processor_count": 58
            }
        },
        "cpu_count_logical": 12,
        "cpu_count_physical": 6,
        "memory_total_gb": 52.96
    },
    "simulation_time": 200,
    "dt": 50,
    "n_train": 1000,
    "n_val": 200,
    "n_test": 20,
    "input_channels": 6,
    "sequence_length": 5,
    "epochs": 1000,
    "hidden_dims": [
        64,
        64
    ],
    "kernel_size": [
        [
            3,
            3
        ],
        [
            3,
            3
        ]
    ],
    "scheduled_sampling": {
        "p0": 1.0,
        "p_min": 0.0,
        "decay_epochs": 200
    },
    "batch_size": 64,
    "lr": 1.0000000000000004e-08,
    "scheduler": {
        "type": "ReduceLROnPlateau",
        "factor": 0.1,
        "patience": 10,
        "final_lr": 1.0000000000000004e-08
    },
    "early_stop_patience": 100,
    "epochs_trained": 207,
    "best_val_loss": 0.002798339643049985,
    "train_loss": [
        0.5661005172878504,
        0.11641271272674203,
        0.05041717749554664,
        0.02550469955895096,
        0.01620663789799437,
        0.009859944664640352,
        0.0060586670297198,
        0.00458083012199495,
        0.0036158974398858845,
        0.004405371262691915,
        0.003025398211320862,
        0.002201684968895279,
        0.0019778732021222822,
        0.0016845943173393607,
        0.0014217817661119625,
        0.0014598621128243394,
        0.0019370159061509185,
        0.0029900822628405876,
        0.0025700354963191785,
        0.001681587367784232,
        0.0014144915439828765,
        0.0012292066603549756,
        0.0013362933495955076,
        0.0016896474407985806,
        0.002376435535552446,
        0.0013268562615849078,
        0.0008936154845287092,
        0.0008092544994724449,
        0.0007805926907167304,
        0.0007694586056459229,
        0.0007576031675853301,
        0.0007504025597881991,
        0.0007431055746565107,
        0.0007366389436356258,
        0.0007348244325839914,
        0.0007301792575162835,
        0.0007250064918480348,
        0.0007213808603410143,
        0.0007194348072516732,
        0.0007187907685874961,
        0.0007162586880440358,
        0.0007157606414693873,
        0.0007075189423630945,
        0.0007070987012411933,
        0.0007054465313558467,
        0.0007200721120170783,
        0.0007469025877071545,
        0.0007569201407022774,
        0.0007601616889587604,
        0.0007589051601826213,
        0.0007380063289019745,
        0.0007442400092259049,
        0.0007418560453515965,
        0.0007463317197107244,
        0.0007448959950124845,
        0.0007625849793839734,
        0.0007860254772822373,
        0.0009515958263364155,
        0.0012888658820884302,
        0.0017009204675559886,
        0.001758931924996432,
        0.001601302792550996,
        0.0012082909743185155,
        0.0008672443618706893,
        0.0007674980588490143,
        0.0007423371171171311,
        0.0007384921991615556,
        0.0007345080739469267,
        0.0007344053774431814,
        0.00073451815842418,
        0.0007366430254478473,
        0.0007373320186161436,
        0.0007414867577608675,
        0.0007396367727778852,
        0.0007426511365338229,
        0.000743069078453118,
        0.0007469071715604514,
        0.0007481496359105222,
        0.000753528845962137,
        0.0007530724069511052,
        0.0007605484133819118,
        0.0007509566421504132,
        0.0007621340118930675,
        0.0007602362566103693,
        0.0007641770534974057,
        0.0007662721327506006,
        0.0007684926822548732,
        0.0007684425545448903,
        0.0007750597833364736,
        0.0007734920582151972,
        0.0007774945079290774,
        0.0007751859193376731,
        0.00078448071872117,
        0.0007891045024734922,
        0.0007935781904961914,
        0.0007948743041197304,
        0.0007999593835847918,
        0.0007987246572156437,
        0.0008018143053050153,
        0.0008079199542407878,
        0.0008087791902653407,
        0.0008117182042042259,
        0.0008181144803529605,
        0.000809277240477968,
        0.0008156739131663926,
        0.0008224862649512943,
        0.0008402174717048183,
        0.0008601744775660336,
        0.0008552151157346088,
        0.000883350869116839,
        0.0009848398512986023,
        0.0011616333067649975,
        0.0014619557477999479,
        0.0020430576769285835,
        0.0033375863276887685,
        0.004351786483312026,
        0.005040463074692525,
        0.004067260349984281,
        0.00341089308494702,
        0.0038739981537219137,
        0.0026281909085810184,
        0.001791370021237526,
        0.0013994815963087603,
        0.001244824736204464,
        0.0011895278948941268,
        0.0011843905886053108,
        0.0011879645098815672,
        0.0011907235093531199,
        0.0012010076134174597,
        0.0012059146538376808,
        0.0012149683316238225,
        0.0012297310677240603,
        0.001245212959474884,
        0.0012558974776766263,
        0.0012688015194726177,
        0.0012853761727456003,
        0.001294970505114179,
        0.0013103784804116003,
        0.0013237266612122767,
        0.0013536585465772077,
        0.0013511422512237914,
        0.0013774231701972894,
        0.0013944967431598343,
        0.0014148266272968613,
        0.0014253367480705492,
        0.0014480703976005316,
        0.0014608900601160713,
        0.0014957993626012467,
        0.0015005246750661172,
        0.001528894601506181,
        0.0015505751434830017,
        0.001561800811032299,
        0.0015859321210882626,
        0.0016064934243331663,
        0.0016317448316840455,
        0.0016505429448443465,
        0.0016948137781582773,
        0.0017064783969544806,
        0.001741979256621562,
        0.0017663572725723498,
        0.0018008210608968511,
        0.0018076420528814197,
        0.0018471407020115294,
        0.0018843565921997651,
        0.0019117119663860649,
        0.0019293646691949107,
        0.001976334555365611,
        0.0019971698347944766,
        0.002030046991421841,
        0.0020590583080775104,
        0.0020881965101580136,
        0.002138884723535739,
        0.002170138403016608,
        0.002217678353190422,
        0.002226866112323478,
        0.0022844516061013564,
        0.0023027106653898954,
        0.002345890461583622,
        0.0023983105056686327,
        0.0024345910642296076,
        0.0025028612872119993,
        0.0025430715031689033,
        0.0025946012610802427,
        0.002626617264468223,
        0.002652786730322987,
        0.002736660375376232,
        0.0027561718015931547,
        0.0028269219474168494,
        0.0028747001924784854,
        0.0029212278459453955,
        0.0029646734037669376,
        0.0030419285176321864,
        0.003096197484410368,
        0.0031717243982711807,
        0.003212634939700365,
        0.003284231133875437,
        0.0033341072557959706,
        0.0034010046219918877,
        0.003472207230515778,
        0.003540312551194802,
        0.0036020667030243203,
        0.003613893539295532,
        0.0036185092612868175,
        0.0036258522450225428,
        0.003619027673266828,
        0.003615708337747492,
        0.003594548979890533
    ],