{
    "start_datetime": "2025-06-25 17:25:26",
    "training_duration_minutes": 0.53045840660731,
    "model_parameters": 456769,
    "system_specs": null,
    "simulation_time": 650,
    "dt": 10,
    "n_train": 10,
    "n_val": 2,
    "n_test": 0,
    "input_channels": 6,
    "sequence_length": 66,
    "epochs": 1000,
    "hidden_dims": [
        64,
        64
    ],
    "kernel_size": [
        3,
        3
    ],
    "scheduled_sampling": {
        "p0": 1.0,
        "p_min": 0.0,
        "decay_epochs": 200
    },
    "batch_size": 64,
    "epochs_trained": 55,
    "best_val_loss": 0.04392869397997856,
    "lr": 0.0001,
    "scheduler": {
        "type": "ReduceLROnPlateau",
        "factor": 0.1,
        "patience": 10,
        "final_lr": 0.0001,
        "early_stop_patience": 100
    },
    "loss_weights": {
        "mse": 0.0,
        "physics": 1.0,
        "boundary": 0.001
    },
    "losses": {
        "train": {
            "total": [
                0.6373330354690552,
                0.5501893162727356,
                0.6036093831062317,
                0.25805896520614624,
                0.4077025353908539,
                0.20373588800430298,
                0.11708882451057434,
                0.15685635805130005,
                0.19157108664512634,
                0.10761421918869019,
                0.10755911469459534,
                0.0950402095913887,
                0.07670599222183228,
                0.06563079357147217,
                0.06585442274808884,
                0.05603460222482681,
                0.05781017243862152,
                0.0595264658331871,
                0.055258482694625854,
                0.04654441773891449,
                0.04590260982513428,
                0.042147424072027206,
                0.04678421467542648,
                0.034278497099876404,
                0.040524087846279144,
                0.039391517639160156,
                0.032804034650325775,
                0.032049328088760376,
                0.030867576599121094,
                0.029143961146473885,
                0.02645881101489067,
                0.025731556117534637,
                0.023466557264328003,
                0.022896114736795425,
                0.022511344403028488,
                0.02138718217611313,
                0.020895272493362427,
                0.021766599267721176,
                0.019968951120972633,
                0.018638961017131805,
                0.017354950308799744,
                0.01579352095723152,
                0.016423877328634262,
                0.015030018985271454,
                0.015012326650321484,
                0.014785012230277061,
                0.014371061697602272,
                0.01387782208621502,
                0.013458281755447388,
                0.013206088915467262,
                0.013061362318694592,
                0.012964464724063873,
                0.012947031296789646,
                0.012946872040629387,
                0.012883121147751808
            ],
            "mse": [
                1.2280646562576294,
                1.4748411178588867,
                3.100255250930786,
                2.2942895889282227,
                1.5832147598266602,
                1.7108159065246582,
                1.5373464822769165,
                1.499362826347351,
                1.0694763660430908,
                1.1029462814331055,
                1.4703025817871094,
                1.3246080875396729,
                1.2067018747329712,
                0.9005550146102905,
                0.8079532980918884,
                0.8059903979301453,
                0.7809838056564331,
                0.7266114950180054,
                0.6989444494247437,
                0.6909593343734741,
                0.6880146265029907,
                0.6592375636100769,
                0.6543918251991272,
                0.632697582244873,
                0.6451742649078369,
                0.6379789710044861,
                0.5911722779273987,
                0.5557045340538025,
                0.5427753329277039,
                0.5251837372779846,
                0.5043330788612366,
                0.48353299498558044,
                0.46215564012527466,
                0.4458693563938141,
                0.4324427545070648,
                0.4021046757698059,
                0.40324199199676514,
                0.3927015960216522,
                0.3976263105869293,
                0.3706636130809784,
                0.3536342680454254,
                0.34385406970977783,
                0.3381882905960083,
                0.3386552631855011,
                0.3380783200263977,
                0.33642053604125977,
                0.3330425024032593,
                0.32882288098335266,
                0.32459521293640137,
                0.3206341564655304,
                0.3182622790336609,
                0.31696197390556335,
                0.3167089819908142,
                0.3170531392097473,
                0.3174719214439392
            ],
            "physics": [
                0.04003658518195152,
                0.048799727112054825,
                0.08789873123168945,
                0.07018090039491653,
                0.053144995123147964,
                0.0607273243367672,
                0.05094044655561447,
                0.04782210290431976,
                0.03476699814200401,
                0.03464805707335472,
                0.04459786415100098,
                0.04294171184301376,
                0.03957591578364372,
                0.029101351276040077,
                0.025692274793982506,
                0.025586847215890884,
                0.024544769898056984,
                0.022757770493626595,
                0.02166011743247509,
                0.02129046805202961,
                0.021180566400289536,
                0.020189795643091202,
                0.01995035633444786,
                0.019226767122745514,
                0.019551027566194534,
                0.019262734800577164,
                0.017812984064221382,
                0.016637030988931656,
                0.01618974469602108,
                0.01553347148001194,
                0.014749683439731598,
                0.013997214846313,
                0.013154792599380016,
                0.012385816313326359,
                0.011781402863562107,
                0.010842934250831604,
                0.010852661915123463,
                0.010509567335247993,
                0.010702199302613735,
                0.009755417704582214,
                0.009270265698432922,
                0.008923185057938099,
                0.00868950504809618,
                0.008624261245131493,
                0.008624844253063202,
                0.008586813695728779,
                0.008476664312183857,
                0.008337490260601044,
                0.008207764476537704,
                0.008090565912425518,
                0.008026405237615108,
                0.007981185801327229,
                0.007963825017213821,
                0.007965188473463058,
                0.007967335171997547
            ],