{
    "start_datetime": "2025-05-28 13:08:47",
    "training_duration_minutes": 1.5247990608215332,
    "system_specs": null,
    "hidden_dims": [
        64,
        64
    ],
    "kernel_size": [
        3,
        3
    ],
    "batch_size": 128,
    "early_stop_patience": 50,
    "epochs_trained": 5,
    "best_val_loss": 0.7488682270050049,
    "lr": 0.01,
    "scheduler": {
        "type": "ReduceLROnPlateau",
        "factor": 0.1,
        "patience": 10,
        "final_lr": 0.01
    },
    "loss_weights": {
        "mse": 1.0,
        "physics": 0.0,
        "boundary": 0.0
    },
    "losses": {
        "train": {
            "total": [
                0.6845415234565735,
                2.9308559894561768,
                2.9308557510375977,
                2.9308559894561768,
                0.7658124566078186
            ],
            "mse": [
                0.6845415234565735,
                2.9308559894561768,
                2.9308557510375977,
                2.9308559894561768,
                0.7658124566078186
            ],
            "physics": [
                0.3551318645477295,
                1.8139275312423706,
                1.8139275312423706,
                1.8139275312423706,
                0.3770749568939209
            ],
            "boundary": [
                119.85716247558594,
                99.80120086669922,
                99.80120086669922,
                99.80120086669922,
                117.08348083496094
            ]
        },
        "val": {
            "total": [
                2.473864197731018,
                2.473864197731018,
                2.473864197731018,
                0.7488682270050049,
                0.8000443875789642
            ],
            "mse": [
                2.473864197731018,
                2.473864197731018,
                2.473864197731018,
                0.7488682270050049,
                0.8000443875789642
            ],
            "physics": [
                1.363685965538025,
                1.363685965538025,
                1.363685965538025,
                0.338515505194664,
                0.37010785937309265
            ],
            "boundary": [
                101.60091400146484,
                101.60091400146484,
                101.60091400146484,
                112.87178039550781,
                102.50418853759766
            ]
        }
    }
}