{
    "start_datetime": "2025-06-17 14:36:27",
    "training_duration_minutes": 1.1983934720357259,
    "model_parameters": 456769,
    "system_specs": {
        "platform": "Linux-6.1.123+-x86_64-with-glibc2.35",
        "python_version": "3.11.13",
        "torch_version": "2.5.1+cu124",
        "cuda_available": true,
        "cuda_version": "12.4",
        "gpu_count": 1,
        "primary_gpu_name": "NVIDIA L4",
        "gpu_details": {
            "gpu_0": {
                "name": "NVIDIA L4",
                "memory_total_gb": 22.16,
                "compute_capability": "8.9",
                "multi_processor_count": 58
            }
        },
        "cpu_count_logical": 12,
        "cpu_count_physical": 6,
        "memory_total_gb": 52.96
    },
    "simulation_time": 50,
    "dt": 10,
    "n_train": 1000,
    "n_val": 200,
    "n_test": 20,
    "input_channels": 6,
    "sequence_length": 6,
    "epochs": 1000,
    "hidden_dims": [
        64,
        64
    ],
    "kernel_size": [
        [
            3,
            3
        ],
        [
            3,
            3
        ]
    ],
    "scheduled_sampling": {
        "p0": 1.0,
        "p_min": 0.0,
        "decay_epochs": 200
    },
    "batch_size": 64,
    "lr": 1.0000000000000004e-08,
    "scheduler": {
        "type": "ReduceLROnPlateau",
        "factor": 0.1,
        "patience": 10,
        "final_lr": 1.0000000000000004e-08
    },
    "early_stop_patience": 100,
    "epochs_trained": 187,
    "best_val_loss": 0.00016798640717752278,
    "train_loss": [
        0.8357608392834663,
        0.21798371616750956,
        0.1628863038495183,
        0.1142480350099504,
        0.07681469433009624,
        0.05735492589883506,
        0.043423447059467435,
        0.031104932771995664,
        0.022957648849114776,
        0.018167571863159537,
        0.014276435133069754,
        0.011709479324053973,
        0.009645600279327482,
        0.007593063754029572,
        0.006124549399828538,
        0.004006860282970592,
        0.004799004324013367,
        0.003388259341591038,
        0.003199084138032049,
        0.0021902728112763725,
        0.001754571836499963,
        0.0018892687148763798,
        0.00162302815442672,
        0.002202563664468471,
        0.005215085780946538,
        0.0022426378418458626,
        0.0012307133438298479,
        0.0009938300718204118,
        0.0009276653836423066,
        0.0009313625778304413,
        0.0008347314978891518,
        0.0007330885127885267,
        0.000710030180925969,
        0.0010236071029794402,
        0.0008149802924890537,
        0.0010649613395798951,
        0.0007026058938208735,
        0.0010130733171536122,
        0.0009133640342042781,
        0.0015564016539428849,
        0.001358685167360818,
        0.0006699450859741773,
        0.0005096639342809794,
        0.0005007582822145196,
        0.0006312606838037027,
        0.0005581113127846038,
        0.0016646573603793513,
        0.0019244020550104324,
        0.0007051592310745036,
        0.0007358230905083474,
        0.00047544138760713395,
        0.0003471568888926413,
        0.0003674598247016547,
        0.0009226138827216346,
        0.0004600897882482968,
        0.0003198921876901295,
        0.00047757522224856075,
        0.0005437294512375956,
        0.0005536079934245208,
        0.00045404560660244897,
        0.0007021030269243056,
        0.0006676478533336194,
        0.0006582663063454675,
        0.00038064928230596706,
        0.0005431075933302054,
        0.00030279579732450657,
        0.0005022447821829701,
        0.0008847828521538759,
        0.0007664126496820245,
        0.0004008351570519153,
        0.00027479421260068193,
        0.0010570495014690096,
        0.0010886123891395982,
        0.0008042786521400558,
        0.0004452891807886772,
        0.00038593928729824256,
        0.00047818320945225423,
        0.00024788239079498453,
        0.00020936448527208995,
        0.000227185279072728,
        0.00105109772994183,
        0.00032867865411390085,
        0.00023388023782899836,
        0.0004422931742738001,
        0.0013157166613382287,
        0.0003447087083259248,
        0.00020715966002171626,
        0.0002211423488915898,
        0.0007144219835026888,
        0.007712528240517713,
        0.0031604880787199363,
        0.0010729655768955126,
        0.0006257498625927838,
        0.00037249985507514793,
        0.00032286432360706385,
        0.00029418617305054795,
        0.0002565401191532146,
        0.0002889577381210984,
        0.000236883348406991,
        0.00020238898468960542,
        0.0001935452282850747,
        0.00019154439178237226,
        0.00019001923374162288,
        0.00018911147071776213,
        0.00018888187241827836,
        0.00018704757803789107,
        0.00018545115653978428,
        0.00018460169121681247,
        0.0001838348925957689,
        0.000182605871486885,
        0.00018255406757816672,
        0.0001818773735067225,
        0.00018153499149775598,
        0.00018132858440367272,
        0.00018080977588397218,
        0.00018128053579857806,
        0.0001809114664865774,
        0.0001810309895518003,
        0.00018026210091193207,
        0.00018063749303109944,
        0.00018087967146129813,
        0.00018084727616951568,
        0.00018056059980153805,
        0.0001813886974559864,
        0.00018076015203405404,
        0.00018040620034298627,
        0.0001804628964237054,
        0.00018082104270433774,
        0.0001804400217224611,
        0.0001807366370485397,
        0.00018078951597999549,
        0.0001812037180570769,
        0.00018074043782689841,
        0.0001806421378205414,
        0.0001812528098525945,
        0.00018085669125866843,
        0.00018066727079713019,
        0.0001806348545869696,
        0.00018105852268490708,
        0.00018110817563865567,
        0.00018143833949579857,
        0.0001806643476811587,
        0.00018136527523893164,
        0.00018098478722095024,
        0.00018159347200707998,
        0.00018183280553785153,
        0.00018084931798512116,
        0.00018143708166462602,
        0.00018137574443244375,
        0.00018168231963500148,
        0.00018164122229791246,
        0.00018148783055949025,
        0.00018099182852893136,
        0.000181268505002663,
        0.00018192524930782383,
        0.00018157628164772177,
        0.00018117558647645637,
        0.0001817723095882684,
        0.00018193254163634265,
        0.00018129959789803252,
        0.00018167513007938396,
        0.0001817053162085358,
        0.00018160101080866298,
        0.00018212639952253085,
        0.0001815626492316369,
        0.00018169842041970696,
        0.00018203695344709558,
        0.00018198909219790949,
        0.0001819479030018556,
        0.00018184631062467815,
        0.0001819196468204609,
        0.00018171073679695837,
        0.00018168539827456698,
        0.00018162666219723178,
        0.00018154876215703553,
        0.00018233915125165367,
        0.00018204997468274087,
        0.0001819417466322193,
        0.00018268186340719694,
        0.00018209695463156095,
        0.00018246454783366062,
        0.00018210369398730109,
        0.00018237854874314507,
        0.0001821466948968009,
        0.00018237569747725502,
        0.00018236552386952098,
        0.00018193152573076077
    ],