{
    "start_datetime": "2025-06-25 09:37:46",
    "training_duration_minutes": 0.19397894938786825,
    "model_parameters": 456769,
    "system_specs": null,
    "simulation_time": 650,
    "dt": 10,
    "n_train": 500,
    "n_val": 100,
    "n_test": 10,
    "input_channels": 6,
    "sequence_length": 66,
    "epochs": 1000,
    "hidden_dims": [
        64,
        64
    ],
    "kernel_size": [
        3,
        3
    ],
    "scheduled_sampling": {
        "p0": 1.0,
        "p_min": 0.0,
        "decay_epochs": 200
    },
    "batch_size": 64,
    "epochs_trained": 4,
    "best_val_loss": 21.081921577453613,
    "lr": 0.01,
    "scheduler": {
        "type": "ReduceLROnPlateau",
        "factor": 0.1,
        "patience": 10,
        "final_lr": 0.01,
        "early_stop_patience": 100
    },
    "loss_weights": {
        "mse": 1.0,
        "physics": 1.0,
        "boundary": 1.0
    },
    "losses": {
        "train": {
            "total": [
                583.176513671875,
                329.4587936401367,
                147.07358837127686,
                27.706072092056274
            ],
            "mse": [
                1.0027748346328735,
                3.4440266638994217,
                2.6526493579149246,
                2.132789835333824
            ],
            "physics": [
                0.031370457261800766,
                0.13556469744071364,
                0.09362037153914571,
                0.06862214766442776
            ],
            "boundary": [
                582.1423721313477,
                325.87919998168945,
                144.3273148536682,
                25.50465965270996
            ]
        },
        "val": {
            "total": [
                660.0781860351562,
                201.58496856689453,
                31.626428604125977,
                21.081921577453613
            ],
            "mse": [
                1.0606027245521545,
                2.68743360042572,
                2.288482189178467,
                1.8704660534858704
            ],
            "physics": [
                0.03268285468220711,
                0.09685032814741135,
                0.07400703057646751,
                0.05927335098385811
            ],
            "boundary": [
                658.9848937988281,
                198.8006820678711,
                29.26393985748291,
                19.15218162536621
            ]
        }
    }
}