{
    "start_datetime": "2025-06-17 10:37:49",
    "training_duration_minutes": 15.145769453048706,
    "model_parameters": 456769,
    "system_specs": {
        "platform": "Linux-6.1.123+-x86_64-with-glibc2.35",
        "python_version": "3.11.13",
        "torch_version": "2.5.1+cu124",
        "cuda_available": true,
        "cuda_version": "12.4",
        "gpu_count": 1,
        "primary_gpu_name": "NVIDIA L4",
        "gpu_details": {
            "gpu_0": {
                "name": "NVIDIA L4",
                "memory_total_gb": 22.16,
                "compute_capability": "8.9",
                "multi_processor_count": 58
            }
        },
        "cpu_count_logical": 12,
        "cpu_count_physical": 6,
        "memory_total_gb": 52.96
    },
    "simulation_time": 650,
    "dt": 5,
    "n_train": 1000,
    "n_val": 200,
    "n_test": 20,
    "input_channels": 6,
    "sequence_length": 131,
    "epochs": 1000,
    "hidden_dims": [
        64,
        64
    ],
    "kernel_size": [
        [
            3,
            3
        ],
        [
            3,
            3
        ]
    ],
    "scheduled_sampling": {
        "p0": 1.0,
        "p_min": 0.0,
        "decay_epochs": 200
    },
    "batch_size": 64,
    "lr": 1.0000000000000004e-08,
    "scheduler": {
        "type": "ReduceLROnPlateau",
        "factor": 0.1,
        "patience": 10,
        "final_lr": 1.0000000000000004e-08
    },
    "early_stop_patience": 100,
    "epochs_trained": 130,
    "best_val_loss": 0.013549735071137547,
    "train_loss": [
        2.1309534395113587,
        0.2708188043907285,
        0.12034616712480783,
        0.062365352641791105,
        0.03829718299675733,
        0.024749413365498185,
        0.017624032218009233,
        0.011994553846307099,
        0.010156619071494788,
        0.009399661066709086,
        0.006762925564544275,
        0.005005212617106736,
        0.004046278496389277,
        0.003569991866243072,
        0.00310728422482498,
        0.0035978208907181397,
        0.0027604396018432453,
        0.0025074887817027047,
        0.0031317984248744324,
        0.002583583271189127,
        0.002109459695930127,
        0.0015436534667969681,
        0.0013941432407591492,
        0.0013347241474548355,
        0.0034319563710596412,
        0.0025707889944897033,
        0.0017166739417007193,
        0.0012640588756767102,
        0.0010349312797188759,
        0.0009193882360705175,
        0.0008171558183676098,
        0.0007941755866340827,
        0.0009108597114391159,
        0.0010136754208360799,
        0.006464590194809716,
        0.051794792074360885,
        0.3073989087715745,
        0.13356168800964952,
        0.0675992222968489,
        0.05020930012688041,
        0.02890757005661726,
        0.01756945054512471,
        0.013075705734081566,
        0.01239838544279337,
        0.011898434138856828,
        0.01141581276897341,
        0.010964159213472158,
        0.010630421515088528,
        0.011991333507467061,
        0.012359906104393303,
        0.011344438535161316,
        0.010541735915467143,
        0.009910455788485706,
        0.009587579465005547,
        0.009565783315338194,
        0.009541235980577767,
        0.009541714331135154,
        0.00949736253824085,
        0.009449316130485386,
        0.009449214383494109,
        0.009417055523954332,
        0.009379375725984573,
        0.009346222213935107,
        0.009332897199783474,
        0.009329492691904306,
        0.009362984565086663,
        0.009408694051671773,
        0.009381396521348506,
        0.009436513297259808,
        0.009440952038858086,
        0.009496358747128397,
        0.009482603170908988,
        0.009505322144832462,
        0.009553163661621511,
        0.009582086117006838,
        0.009581016143783927,
        0.009614433511160314,
        0.00965918623842299,
        0.00965447654016316,
        0.009728194738272578,
        0.009749175806064159,
        0.009805875248275697,
        0.009849633846897632,
        0.009848216839600354,
        0.009891369903925806,
        0.009953783301170915,
        0.009944515069946647,
        0.009983895462937653,
        0.010029531200416386,
        0.010078212013468146,
        0.010156313772313297,
        0.010193568770773709,
        0.010217060858849436,
        0.010263166390359402,
        0.010269010672345757,
        0.010336531966459006,
        0.010410950984805822,
        0.01043409330304712,
        0.010494346322957426,
        0.010487781895790249,
        0.01055323361651972,
        0.01058947027195245,
        0.010678323393221945,
        0.010728899796959013,
        0.010721050610300153,
        0.010809913044795394,
        0.010907180025242269,
        0.01091296662343666,
        0.010997722914908081,
        0.011016057163942605,
        0.01109790161717683,
        0.011166797601617873,
        0.011211021279450506,
        0.011280897189863026,
        0.011323254264425486,
        0.011385735066141933,
        0.011448260047473013,
        0.011525118432473391,
        0.011634331312961876,
        0.011669780476950109,
        0.011702001269441098,
        0.011805517424363643,
        0.011895233590621501,
        0.011994335451163352,
        0.012025733711197972,
        0.01213305932469666,
        0.012189079541713,
        0.012233299319632351,
        0.012336941552348435,
        0.012444655993022025
    ],