{
    "start_datetime": "2025-05-28 11:38:40",
    "training_duration_minutes": 0.30772722959518434,
    "system_specs": null,
    "hidden_dims": [
        64,
        64
    ],
    "kernel_size": [
        3,
        3
    ],
    "batch_size": 128,
    "lr": 0.01,
    "scheduler": {
        "type": "ReduceLROnPlateau",
        "factor": 0.1,
        "patience": 10,
        "final_lr": 0.01
    },
    "weitghts": {
        "mse": 1.0,
        "physics": 1.0,
        "boundary": 1.0
    },
    "early_stop_patience": 50,
    "epochs_trained": 5,
    "best_val_loss": 6.873668193817139,
    "train_loss": [
        1.3008415699005127,
        1.3008416891098022,
        1.3008416891098022,
        37.261940002441406,
        37.26193618774414
    ],
    "val_loss": [
        6.873668193817139,
        6.873668193817139,
        39.50692558288574,
        39.50692558288574,
        39.50692558288574
    ]
}