{
    "start_datetime": "2025-06-17 13:07:26",
    "training_duration_minutes": 13.318534962336223,
    "model_parameters": 456769,
    "system_specs": {
        "platform": "Linux-6.1.123+-x86_64-with-glibc2.35",
        "python_version": "3.11.13",
        "torch_version": "2.5.1+cu124",
        "cuda_available": true,
        "cuda_version": "12.4",
        "gpu_count": 1,
        "primary_gpu_name": "NVIDIA L4",
        "gpu_details": {
            "gpu_0": {
                "name": "NVIDIA L4",
                "memory_total_gb": 22.16,
                "compute_capability": "8.9",
                "multi_processor_count": 58
            }
        },
        "cpu_count_logical": 12,
        "cpu_count_physical": 6,
        "memory_total_gb": 52.96
    },
    "simulation_time": 200,
    "dt": 2,
    "n_train": 1000,
    "n_val": 200,
    "n_test": 20,
    "input_channels": 6,
    "sequence_length": 101,
    "epochs": 1000,
    "hidden_dims": [
        64,
        64
    ],
    "kernel_size": [
        [
            3,
            3
        ],
        [
            3,
            3
        ]
    ],
    "scheduled_sampling": {
        "p0": 1.0,
        "p_min": 0.0,
        "decay_epochs": 200
    },
    "batch_size": 64,
    "lr": 1.0000000000000004e-08,
    "scheduler": {
        "type": "ReduceLROnPlateau",
        "factor": 0.1,
        "patience": 10,
        "final_lr": 1.0000000000000004e-08
    },
    "early_stop_patience": 100,
    "epochs_trained": 149,
    "best_val_loss": 0.03583703329786658,
    "train_loss": [
        0.9078786950558424,
        0.1932784435339272,
        0.06136081088334322,
        0.04060107539407909,
        0.07020335411652923,
        0.028798236162401736,
        0.013561337953433394,
        0.008982165600173175,
        0.006959418969927356,
        0.005859382450580597,
        0.004900855084997602,
        0.004723481310065836,
        0.004815367661649361,
        0.005045380050432868,
        0.004586813956848346,
        0.005002414662158117,
        0.004664836102165282,
        0.0032904246036196128,
        0.0025162072415696457,
        0.002235889660369139,
        0.0021495867986232042,
        0.0021303941393853165,
        0.002112679649144411,
        0.0021164058343856595,
        0.0020967122763977386,
        0.002109873639710713,
        0.002069228961772751,
        0.0020896813002764247,
        0.002062831015791744,
        0.002041861262114253,
        0.002037717575149145,
        0.0020471032403293066,
        0.002017865794186946,
        0.0020039773517055437,
        0.002040470571955666,
        0.001978718297323212,
        0.0019662417616927996,
        0.002046652210992761,
        0.0019882974374922924,
        0.001981228037038818,
        0.0019906619781977497,
        0.002009119649301283,
        0.001981167384656146,
        0.0019561586377676576,
        0.001937582295795437,
        0.001928795849380549,
        0.0019288758558104746,
        0.001960513967787847,
        0.0019192295876564458,
        0.0019219283494749106,
        0.0019660022808238864,
        0.0019637546574813314,
        0.001958269305760041,
        0.0019430423926678486,
        0.0019919845872209407,
        0.001998829175136052,
        0.0019554314567358233,
        0.0019824032351607457,
        0.00197518416098319,
        0.0019661975238705054,
        0.0019346417248016223,
        0.00192896906810347,
        0.0019337762569193728,
        0.001932319202751387,
        0.0019437070804997347,
        0.0019416318027651869,
        0.0019398990407353267,
        0.0019455406145425513,
        0.001950130084878765,
        0.0019532264486770146,
        0.0019480873379507102,
        0.0019618310980149545,
        0.001964093440619763,
        0.0019590886004152708,
        0.001967883108591195,
        0.0019707286992343143,
        0.0019954690360464156,
        0.0019675412695505656,
        0.001976680418010801,
        0.0019865549184032716,
        0.0019968011329183355,
        0.0020081707334611565,
        0.0020066856741323136,
        0.002014994344790466,
        0.0020168054179521278,
        0.0020173814045847394,
        0.0020240318044670857,
        0.0020358915207907557,
        0.0020405592294991948,
        0.002041009021922946,
        0.002052939140412491,
        0.0020568978870869614,
        0.002053232878097333,
        0.00207481919642305,
        0.002084237275994383,
        0.0020905000492348336,
        0.0021081863887957297,
        0.0021191827472648583,
        0.002117046926287003,
        0.0021197683745413087,
        0.0021239379784674384,
        0.0021305254122125916,
        0.0021347841611714102,
        0.0021631120034726337,
        0.002158591611078009,
        0.0021663411025656387,
        0.002176538051571697,
        0.0021893231823923998,
        0.002179990420700051,
        0.0022051184641895816,
        0.002226368189440109,
        0.002214053471107036,
        0.002247486285341438,
        0.002245753727038391,
        0.0022702549322275445,
        0.002255620544019621,
        0.002280366730701644,
        0.0022834758856333792,
        0.0023164736267062835,
        0.002298519015312195,
        0.0023299637250602245,
        0.002341359533602372,
        0.002349443318962585,
        0.002349051952478476,
        0.0023642804662813433,
        0.0023775503068463877,
        0.002418761985609308,
        0.002422052166366484,
        0.0024112806568155065,
        0.0024368111771764234,
        0.0024803840133245103,
        0.0024821360275382176,
        0.0024593698180979118,
        0.002509380632545799,
        0.0025409717636648566,
        0.002521825459552929,
        0.0025511720596114174,
        0.002597314611193724,
        0.002649096102686599,
        0.0026135706139029935,
        0.0026656870904844254,
        0.0026898392679868266,
        0.0027190070977667347,
        0.0027308533171890303,
        0.002724122110521421,
        0.002769836995867081,
        0.002812479477142915,
        0.002826270618243143,
        0.002885993686504662
    ],