{
    "start_datetime": "2025-06-17 11:23:27",
    "training_duration_minutes": 0.7418832778930664,
    "model_parameters": 456769,
    "system_specs": {
        "platform": "Linux-6.1.123+-x86_64-with-glibc2.35",
        "python_version": "3.11.13",
        "torch_version": "2.5.1+cu124",
        "cuda_available": true,
        "cuda_version": "12.4",
        "gpu_count": 1,
        "primary_gpu_name": "NVIDIA L4",
        "gpu_details": {
            "gpu_0": {
                "name": "NVIDIA L4",
                "memory_total_gb": 22.16,
                "compute_capability": "8.9",
                "multi_processor_count": 58
            }
        },
        "cpu_count_logical": 12,
        "cpu_count_physical": 6,
        "memory_total_gb": 52.96
    },
    "simulation_time": 200,
    "dt": 100,
    "n_train": 1000,
    "n_val": 200,
    "n_test": 20,
    "input_channels": 6,
    "sequence_length": 3,
    "epochs": 1000,
    "hidden_dims": [
        64,
        64
    ],
    "kernel_size": [
        [
            3,
            3
        ],
        [
            3,
            3
        ]
    ],
    "scheduled_sampling": {
        "p0": 1.0,
        "p_min": 0.0,
        "decay_epochs": 200
    },
    "batch_size": 64,
    "lr": 1.0000000000000004e-08,
    "scheduler": {
        "type": "ReduceLROnPlateau",
        "factor": 0.1,
        "patience": 10,
        "final_lr": 1.0000000000000004e-08
    },
    "early_stop_patience": 100,
    "epochs_trained": 208,
    "best_val_loss": 0.00574475119356066,
    "train_loss": [
        0.38841565884649754,
        0.09902988444082439,
        0.04640786815434694,
        0.024636545800603926,
        0.016082837304566056,
        0.012317602930124849,
        0.008954033022746444,
        0.007605745719047263,
        0.006481445947429165,
        0.005523014115169644,
        0.004974713403498754,
        0.005142138514202088,
        0.0056578367948532104,
        0.004812123253941536,
        0.004372009279904887,
        0.004369454734842293,
        0.004293516336474568,
        0.004273546059266664,
        0.0041254241950809956,
        0.004306686925701797,
        0.0048631092213327065,
        0.00416080909781158,
        0.004605067952070385,
        0.0038878030463820323,
        0.004280935216229409,
        0.00386913372494746,
        0.004303698529838584,
        0.004869376265560277,
        0.0057781069772318006,
        0.007515400793636218,
        0.005505031702341512,
        0.003860702781821601,
        0.0035675213584909216,
        0.003499170212307945,
        0.0034378307464066893,
        0.0033763698884285986,
        0.003356280823936686,
        0.0033707343391142786,
        0.003323037351947278,
        0.003320789212011732,
        0.00328327325405553,
        0.003283097001258284,
        0.0032858964113984257,
        0.00328149352571927,
        0.0032779384637251496,
        0.003272668909630738,
        0.003278486561612226,
        0.003259333418100141,
        0.003268864398705773,
        0.0032643187878420576,
        0.0032457808556500822,
        0.0032936505449470133,
        0.0033059404231607914,
        0.0032837533653946593,
        0.003281050390796736,
        0.0033307441335637122,
        0.0033257208415307105,
        0.003422454043175094,
        0.003594878246076405,
        0.004147264073253609,
        0.005836902972077951,
        0.007595081959152594,
        0.005931722596869804,
        0.004284142472897656,
        0.0034864074550569057,
        0.003390074518392794,
        0.003434679179918021,
        0.003385151459951885,
        0.0033236669551115483,
        0.0033020099363056943,
        0.003318129834951833,
        0.003314072033390403,
        0.003318120041512884,
        0.00332776946015656,
        0.0033292088919552043,
        0.003351573832333088,
        0.0033490362984593958,
        0.0033499509445391595,
        0.003362565112183802,
        0.003361808237968944,
        0.003361067778314464,
        0.0033824389247456565,
        0.003403221839107573,
        0.003391362974070944,
        0.003403574140975252,
        0.003409278389881365,
        0.0033962788147618994,
        0.003417901709326543,
        0.0034163522941526026,
        0.0034294432844035327,
        0.003436526167206466,
        0.0034575769095681608,
        0.0034541836357675493,
        0.0034567262191558257,
        0.003477295977063477,
        0.003493025156785734,
        0.0035015196772292256,
        0.0034845253539970145,
        0.0034950288682011887,
        0.00354197523847688,
        0.003505869608488865,
        0.003511886636260897,
        0.0035194652155041695,
        0.0035715309204533696,
        0.00354505205177702,
        0.0035586996818892658,
        0.003574912276235409,
        0.0035837394243571907,
        0.003600735479267314,
        0.003632123611168936,
        0.0037065062497276813,
        0.0038408149121096358,
        0.004096979595487937,
        0.004707158004748635,
        0.005491695774253458,
        0.006772706954507157,
        0.008051737124333158,
        0.009114800253883004,
        0.009510975738521665,
        0.009363250224851072,
        0.006334899429930374,
        0.005131813057232648,
        0.0046823808224871755,
        0.004521735128946602,
        0.004381852471851744,
        0.004269098775694147,
        0.004231072176480666,
        0.0042045639420393854,
        0.004251386897522025,
        0.0042218667367706075,
        0.004267071723006666,
        0.004257725173374638,
        0.0043007716740248725,
        0.004324589419411495,
        0.0043427768687251955,
        0.004343394859461114,
        0.004382509985589422,
        0.004419114935444668,
        0.004400766250910237,
        0.004449500382179394,
        0.00447255557810422,
        0.004509102931478992,
        0.00457258612732403,
        0.0045238142483867705,
        0.0046091606200207025,
        0.004609544383129105,
        0.004656413017073646,
        0.004670889611588791,
        0.004744932259200141,
        0.004758620576467365,
        0.004716673283837736,
        0.004808896046597511,
        0.004839855246245861,
        0.004835654399357736,
        0.004887722141575068,
        0.004900303290924057,
        0.004919760162010789,
        0.004991145164240152,
        0.004990468383766711,
        0.005026070779422298,
        0.005058134585851803,
        0.005099173809867352,
        0.005175510828848928,
        0.005169263109564781,
        0.005201998254051432,
        0.005255701602436602,
        0.005298324977047741,
        0.005300392920617014,
        0.005352730397135019,
        0.005374932021368295,
        0.005405415256973356,
        0.0054296800517477095,
        0.00553219806170091,
        0.005513495678314939,
        0.005559040931984782,
        0.0055810352496337146,
        0.00562960424576886,
        0.0056667233584448695,
        0.005712047714041546,
        0.005752684141043574,
        0.0058117585140280426,
        0.005856833391590044,
        0.005864053149707615,
        0.005946156627032906,
        0.005944275966612622,
        0.006017176521709189,
        0.006076922960346565,
        0.006091799819841981,
        0.006123174825916067,
        0.006115944590419531,
        0.006210206833202392,
        0.006227553414646536,
        0.006281479698373005,
        0.006300222536083311,
        0.0063407563720829785,
        0.006411786831449717,
        0.006456739531131461,
        0.006477573158917949,
        0.0065654461504891515,
        0.006583027017768472,
        0.006627567723626271,
        0.006600591907044873,
        0.006657607154920697,
        0.006645748391747475,
        0.006638142367592081,
        0.006616734579438344,
        0.006652315525570884,
        0.006619322870392352
    ],