{
    "start_datetime": "2025-05-30 10:10:07",
    "training_duration_minutes": 1.6700352946917216,
    "model_parameters": 456769,
    "system_specs": null,
    "hidden_dims": [
        64,
        64
    ],
    "kernel_size": [
        3,
        3
    ],
    "batch_size": 256,
    "lr": 1.0000000000000002e-06,
    "scheduler": {
        "type": "ReduceLROnPlateau",
        "factor": 0.1,
        "patience": 10,
        "final_lr": 1.0000000000000002e-06
    },
    "early_stop_patience": 50,
    "epochs_trained": 62,
    "best_val_loss": 0.627012312412262,
    "train_loss": [
        1.311544954776764,
        1.2391785681247711,
        3.659846305847168,
        0.8228799998760223,
        0.5246312022209167,
        0.44811755418777466,
        0.3527736961841583,
        0.2903088480234146,
        0.25836215913295746,
        0.2178191989660263,
        0.1836308315396309,
        0.1593046858906746,
        0.14001213759183884,
        0.12200136110186577,
        0.10120972990989685,
        0.08601172268390656,
        0.07383133843541145,
        0.06435637548565865,
        0.05661963298916817,
        0.050494274124503136,
        0.04564097337424755,
        0.041471973061561584,
        0.03795349970459938,
        0.034949732944369316,
        0.0329790934920311,
        0.03265500161796808,
        0.03241720609366894,
        0.0321121159940958,
        0.031848364509642124,
        0.03165318164974451,
        0.031359653919935226,
        0.03106779232621193,
        0.030858482234179974,
        0.030657874420285225,
        0.030373177491128445,
        0.030257749371230602,
        0.03025803714990616,
        0.030244660563766956,
        0.030254741199314594,
        0.030235464684665203,
        0.030268920585513115,
        0.030238802544772625,
        0.030263780616223812,
        0.0302686570212245,
        0.03030614648014307,
        0.030343160033226013,
        0.030307194218039513,
        0.03035588748753071,
        0.030410036444664,
        0.030396662652492523,
        0.030494485050439835,
        0.03047248348593712,
        0.030534153804183006,
        0.030587499029934406,
        0.03067238163203001,
        0.030655951239168644,
        0.03071707021445036,
        0.03079880867153406,
        0.030750129371881485,
        0.030861971899867058,
        0.03092287015169859,
        0.030948602594435215
    ],
    "val_loss": [
        2.0326428413391113,
        5.060755729675293,
        1.1848394870758057,
        0.9182032942771912,
        0.9427022337913513,
        1.0426297187805176,
        1.8229846954345703,
        1.7653363943099976,
        1.9365143775939941,
        1.173466444015503,
        0.8145339488983154,
        0.9582497477531433,
        0.627012312412262,
        0.9780946969985962,
        1.6516989469528198,
        1.7989786863327026,
        1.2275688648223877,
        1.08863365650177,
        0.9908725023269653,
        0.9205278158187866,
        1.0006217956542969,
        1.0376676321029663,
        0.9265963435173035,
        0.9500741958618164,
        0.9329173564910889,
        0.8929516673088074,
        0.8683666586875916,
        0.8797990083694458,
        0.9029533863067627,
        0.8988130688667297,
        0.8662509322166443,
        0.8361741304397583,
        0.8356793522834778,
        0.8517472743988037,
        0.8692511320114136,
        0.8676936626434326,
        0.8652870655059814,
        0.8614822030067444,
        0.8581998944282532,
        0.8487291932106018,
        0.8424737453460693,
        0.8378691077232361,
        0.8337152004241943,
        0.8307162523269653,
        0.8286219835281372,
        0.8266429901123047,
        0.8268148303031921,
        0.8267303705215454,
        0.8270968794822693,
        0.8272307515144348,
        0.827207624912262,
        0.8273991942405701,
        0.8275785446166992,
        0.8277601599693298,
        0.8277081847190857,
        0.8277091979980469,
        0.8274599313735962,
        0.8274550437927246,
        0.8274069428443909,
        0.8272679448127747,
        0.8272041082382202,
        0.827165961265564
    ]
}