{
    "start_datetime": "2025-06-13 11:58:53",
    "training_duration_minutes": 19.450487844149272,
    "model_parameters": 456769,
    "system_specs": null,
    "simulation_time": 50,
    "dt": 1,
    "n_train": 1000,
    "n_val": 200,
    "n_test": 20,
    "input_channels": 6,
    "sequence_length": 51,
    "epochs": 1000,
    "hidden_dims": [
        64,
        64
    ],
    "kernel_size": [
        3,
        3
    ],
    "scheduled_sampling": {
        "p0": 1.0,
        "p_min": 0.0,
        "decay_epochs": 200
    },
    "batch_size": 16,
    "lr": 0.001,
    "scheduler": {
        "type": "ReduceLROnPlateau",
        "factor": 0.1,
        "patience": 10,
        "final_lr": 0.001
    },
    "early_stop_patience": 50,
    "epochs_trained": 27,
    "best_val_loss": 0.0001702213905026348,
    "train_loss": [
        0.2461115290662126,
        0.010473031498905685,
        0.0031839931708952736,
        0.0025392763579027756,
        0.0008205903466746566,
        0.2377762425642845,
        0.0023659898433834314,
        0.26417273245770334,
        0.002561721043469059,
        0.0010711468538151137,
        0.0008104416843880678,
        0.0004427143285283819,
        0.0003574942167024202,
        0.0004992453732051043,
        0.0002499558100853825,
        0.00015662747688428868,
        0.00034108968663661344,
        0.0002088718965607104,
        0.0001653765444528304,
        0.0008263614351837156,
        9.211124230956008e-05,
        7.474332619855727e-05,
        7.559877751249126e-05,
        6.874961711998497e-05,
        0.0002441844827112546,
        0.000866916378736422,
        9.131289311520208e-05
    ],
    "val_loss": [
        0.035627989671551265,
        0.01726526852983695,
        0.008732489847506467,
        0.0028727799116705474,
        0.0011857533066246945,
        0.010553339066413732,
        0.0137741444632411,
        0.010630062709634121,
        0.0026046863506333185,
        0.0013330399658745872,
        0.0029975207021030095,
        0.0005067169214061534,
        0.014284764559796223,
        0.0008173303839822228,
        0.006016126153274224,
        0.0001702213905026348,
        0.0036890859572360148,
        0.0002482895148344911,
        0.007110289602468793,
        0.00019103884159658963,
        0.0001796593748552438,
        0.00038218612854297343,
        0.0012946979303915913,
        0.0014891583615770708,
        0.011627901058930617,
        0.0006679774087388068,
        0.0004128682798741815
    ]
}