{
    "start_datetime": "2025-06-17 13:22:57",
    "training_duration_minutes": 23.0720365524292,
    "model_parameters": 456769,
    "system_specs": {
        "platform": "Linux-6.1.123+-x86_64-with-glibc2.35",
        "python_version": "3.11.13",
        "torch_version": "2.5.1+cu124",
        "cuda_available": true,
        "cuda_version": "12.4",
        "gpu_count": 1,
        "primary_gpu_name": "NVIDIA L4",
        "gpu_details": {
            "gpu_0": {
                "name": "NVIDIA L4",
                "memory_total_gb": 22.16,
                "compute_capability": "8.9",
                "multi_processor_count": 58
            }
        },
        "cpu_count_logical": 12,
        "cpu_count_physical": 6,
        "memory_total_gb": 52.96
    },
    "simulation_time": 200,
    "dt": 1,
    "n_train": 1000,
    "n_val": 200,
    "n_test": 20,
    "input_channels": 6,
    "sequence_length": 201,
    "epochs": 1000,
    "hidden_dims": [
        64,
        64
    ],
    "kernel_size": [
        [
            3,
            3
        ],
        [
            3,
            3
        ]
    ],
    "scheduled_sampling": {
        "p0": 1.0,
        "p_min": 0.0,
        "decay_epochs": 200
    },
    "batch_size": 64,
    "lr": 1.0000000000000004e-08,
    "scheduler": {
        "type": "ReduceLROnPlateau",
        "factor": 0.1,
        "patience": 10,
        "final_lr": 1.0000000000000004e-08
    },
    "early_stop_patience": 100,
    "epochs_trained": 130,
    "best_val_loss": 0.028694200795143843,
    "train_loss": [
        1.15585632994771,
        0.6756158322095871,
        0.5042591337114573,
        0.34852718375623226,
        0.2573621263727546,
        0.17099383100867271,
        0.1214789287187159,
        0.08210545685142279,
        0.05918593634851277,
        0.04518840089440346,
        0.031029099132865667,
        0.032634893199428916,
        0.022935221320949495,
        0.01473989279475063,
        0.011203763075172901,
        0.015138584945816547,
        0.020837666175793856,
        0.011170906014740467,
        0.00793657431495376,
        0.00638046144740656,
        0.0056876227899920195,
        0.008378713187994435,
        0.02068092511035502,
        0.010912787838606164,
        0.005790492461528629,
        0.004252929182257503,
        0.0037091944104759023,
        0.0034075740550179034,
        0.0032569494360359386,
        0.003024752251803875,
        0.003264990577008575,
        0.0030159438319969922,
        0.13981663461891003,
        0.36876891180872917,
        0.2105673081241548,
        0.07668137643486261,
        0.04645492834970355,
        0.030921241035684943,
        0.022023096214979887,
        0.016361237096134573,
        0.013055204297415912,
        0.011006130196619779,
        0.00974201801000163,
        0.009276290162233636,
        0.00915126848849468,
        0.008958844788139686,
        0.008807471836917102,
        0.008705023967195302,
        0.008566342206904665,
        0.008425420062849298,
        0.008261699957074597,
        0.008172209840267897,
        0.008008445700397715,
        0.007937077985843644,
        0.00795374283916317,
        0.00795007948181592,
        0.007940931332996115,
        0.007965020020492375,
        0.00792784581426531,
        0.007929564919322729,
        0.007944377954117954,
        0.007991024147486314,
        0.007976204651640728,
        0.00795332356938161,
        0.007999623368959874,
        0.00797212409088388,
        0.007996130239916965,
        0.007993475795956329,
        0.008037836174480617,
        0.008059863204834983,
        0.0080447934451513,
        0.008096793724689633,
        0.0081158661050722,
        0.008150016539730132,
        0.008148007589625195,
        0.008191565779270604,
        0.008236214343924075,
        0.008233779080910608,
        0.008256892411736771,
        0.008296613319544122,
        0.008271621511084959,
        0.008322405541548505,
        0.008303972310386598,
        0.008373584889341146,
        0.008395629556616768,
        0.00845129246590659,
        0.008460761338938028,
        0.008468814980005845,
        0.008519832539604977,
        0.008514824963640422,
        0.008559114154195413,
        0.008579157729400322,
        0.008607990283053368,
        0.008655152894789353,
        0.008670607989188284,
        0.008690919406944886,
        0.008744748774915934,
        0.008764747180975974,
        0.00879067779169418,
        0.008840220893034711,
        0.008853781240759417,
        0.008884580223821104,
        0.00895802618470043,
        0.008948325441451743,
        0.008987624431028962,
        0.00906826602295041,
        0.00904466281645,
        0.009098211245145649,
        0.009152748243650422,
        0.009161869646050036,
        0.009248272399418056,
        0.00922394313965924,
        0.009334951580967754,
        0.009415343054570258,
        0.009381065086927265,
        0.009443352988455445,
        0.0094904761062935,
        0.009523458604235202,
        0.009540894941892475,
        0.009602066013030708,
        0.009690475068055093,
        0.009715183638036251,
        0.009798269777093083,
        0.009859371173661202,
        0.009876621421426535,
        0.00996117276372388,
        0.01000107149593532,
        0.010066475893836468,
        0.010139015910681337,
        0.010212742781732231
    ],