{
    "start_datetime": "2025-06-15 13:39:46",
    "training_duration_minutes": 15.668893122673035,
    "model_parameters": 456769,
    "system_specs": null,
    "simulation_time": 50,
    "dt": 1,
    "n_train": 1000,
    "n_val": 200,
    "n_test": 20,
    "input_channels": 6,
    "sequence_length": 51,
    "epochs": 1000,
    "hidden_dims": [
        64,
        64
    ],
    "kernel_size": [
        3,
        3
    ],
    "scheduled_sampling": {
        "p0": 1.0,
        "p_min": 0.0,
        "decay_epochs": 200
    },
    "batch_size": 16,
    "epochs_trained": 56,
    "best_val_loss": 0.001111010886513843,
    "lr": 0.001,
    "scheduler": {
        "type": "ReduceLROnPlateau",
        "factor": 0.1,
        "patience": 10,
        "final_lr": 0.001,
        "early_stop_patience": 50
    },
    "loss_weights": {
        "mse": 1.0,
        "physics": 10.0,
        "boundary": 0.1
    },
    "losses": {
        "train": {
            "total": [
                0.4321411468997775,
                0.03957869807287814,
                0.036497768665116934,
                0.10492833589928018,
                0.12972682025579232,
                0.09522630442820844,
                0.06501290299707935,
                0.03898602947297077,
                0.05175091239017627,
                0.1014963894461592,
                0.04675383791918793,
                0.034388612985374434,
                0.03316227779797618,
                0.00792446145640006,
                0.005074522738891934,
                0.004814761380354564,
                0.004618179555686694,
                0.00443307248993762,
                0.004308080936353358,
                0.004157604594227104,
                0.004057381996914508,
                0.0039587799341432636,
                0.0038544354509443992,
                0.0037754382383787914,
                0.003725855378434062,
                0.003633517040205853,
                0.003586793540134316,
                0.0034976001784560225,
                0.0034155299081393177,
                0.0033806174040018093,
                0.0033872924589862428,
                0.003272605457505773,
                0.0032341221073967598,
                0.0031765702343176283,
                0.003143155027092213,
                0.0031929800161234444,
                0.0030730319697232474,
                0.003058550554135489,
                0.0029989209964812274,
                0.0030128262153575345,
                0.0029524851753006853,
                0.0029530945817925155,
                0.002933105291236961,
                0.0029156529307661073,
                0.002913321109695567,
                0.002978191456003558,
                0.0029164169700668444,
                0.002851881548791887,
                0.0030001169588002893,
                0.0028372613661405113,
                0.002741642584580751,
                0.002777720513265757,
                0.003097996126771683,
                0.002742702333581826,
                0.002739793003817636,
                0.0027208618731016203
            ],
            "mse": [
                0.007470933668729331,
                0.0007921025292792668,
                0.0005939341596482942,
                0.0016700783222433299,
                0.0026003255846998876,
                0.0018658134402588955,
                0.0012469772925777804,
                0.0007072751505470406,
                0.000945996852279345,
                0.0019152641143014152,
                0.000883635820909625,
                0.0006584852577246253,
                0.0006245044332611123,
                0.00027333215407524555,
                0.00020838669378362183,
                0.00019277240697567957,
                0.00018007267314556336,
                0.00016772042242034027,
                0.00015796525431575165,
                0.00014797673862804438,
                0.00013936915326797004,
                0.00013146075925471942,
                0.00012371550745604235,
                0.00011696953336626942,
                0.0001103509369256374,
                0.0001036058381451146,
                9.853321246318667e-05,
                9.27941256945598e-05,
                8.770029198208321e-05,
                8.304217575757306e-05,
                7.981871882322363e-05,
                7.600280225724129e-05,
                7.280269877925988e-05,
                6.972863902485679e-05,
                6.712689869418105e-05,
                6.605672128249093e-05,
                6.286636897360921e-05,
                6.14939633542524e-05,
                5.926329917172783e-05,
                5.822567300850688e-05,
                5.6571748982172545e-05,
                5.5949987972059126e-05,
                5.452505669497427e-05,
                5.2928115601100705e-05,
                5.251465861672639e-05,
                5.249649361108563e-05,
                5.116226037942051e-05,
                4.904741962534553e-05,
                5.002134044872715e-05,
                4.772676679533019e-05,
                4.526500254989572e-05,
                4.502946432607825e-05,
                5.014900012784416e-05,
                4.37344345314953e-05,
                4.323507331834648e-05,
                4.2133492584865066e-05
            ],
            "physics": [
                0.030805334440960976,
                0.002510631204737971,
                0.0019184070073866419,
                0.006508238814098554,
                0.008552550741042646,
                0.005894541572262015,
                0.0038707807636080634,
                0.0024278273617493965,
                0.0032732243906514395,
                0.006660671191408284,
                0.0026587442797978244,
                0.0020423302018556687,
                0.001949665442456506,
                0.0006002052322155722,
                0.0003964947462673225,
                0.0003751009833880715,
                0.0003597174927274445,
                0.0003448545577980223,
                0.0003340725019197201,
                0.0003225998939125843,
                0.00031379972527261884,
                0.00030518609786494855,
                0.00029676926501524,
                0.00028928282249364115,
                0.0002843237612285607,
                0.00027692940230259584,
                0.0002725837569284652,
                0.000265333324759489,
                0.0002600689726282975,
                0.0002557993864193411,
                0.00025404450005023845,
                0.0002471277931897295,
                0.00024270145259501914,
                0.0002381268349136152,
                0.00023487798148019622,
                0.0002343967200777981,
                0.00022828087995072739,
                0.00022662403953579505,
                0.00022295538482943638,
                0.0002213315952787294,
                0.00021799391487591145,
                0.0002165657531891373,
                0.00021536823196728375,
                0.0002122613645735241,
                0.00021250978170428425,
                0.00021366586138139523,
                0.00021008813004415956,
                0.000205913994004876,
                0.00021015882324833897,
                0.00020416568694931885,
                0.00019800288086232272,
                0.0001984528062166646,
                0.00021509400828527138,
                0.0001961082344346251,
                0.00019567632181052532,
                0.00019312294459687397
            ],