{
    "start_datetime": "2025-06-10 15:37:18",
    "training_duration_minutes": 115.71564738750457,
    "model_parameters": 456769,
    "system_specs": null,
    "simulation_time": 650,
    "dt": 1,
    "n_train": 1000,
    "n_val": 200,
    "n_test": 20,
    "input_channels": 6,
    "sequence_length": 651,
    "epochs": 1000,
    "hidden_dims": [
        64,
        64
    ],
    "kernel_size": [
        3,
        3
    ],
    "scheduled_sampling": {
        "p0": 1.0,
        "p_min": 0.0,
        "decay_epochs": 200
    },
    "batch_size": 16,
    "lr": 0.0001,
    "scheduler": {
        "type": "ReduceLROnPlateau",
        "factor": 0.1,
        "patience": 10,
        "final_lr": 0.0001
    },
    "early_stop_patience": 50,
    "epochs_trained": 53,
    "best_val_loss": 0.9568161781017597,
    "train_loss": [
        0.4109934391010375,
        0.3151474323064562,
        0.2839210901468519,
        0.2785631898376677,
        0.29430298128771404,
        0.5418580150793469,
        0.6642930280594599,
        0.6815873781840006,
        0.8750398277290283,
        0.5218984867845263,
        0.4935076454329112,
        0.5159291256041754,
        0.47265642550256515,
        0.4649071958329942,
        0.4701764328139169,
        0.4664241922280145,
        0.4399325970619444,
        0.49323309981633745,
        0.48178156642686754,
        0.9957268701659309,
        0.9088766849230207,
        0.8460782321672591,
        0.8690105903716314,
        0.9081758535097516,
        0.8515943884849548,
        0.5587202021999965,
        0.9627950163114638,
        0.8423622141754816,
        0.6843364456343273,
        0.6406029808142829,
        1.7153945432768927,
        1.738820091126457,
        1.7618749955343822,
        1.7569655596263825,
        1.7586814808467077,
        1.7611286905076768,
        1.7624730950310117,
        1.7579502037593298,
        1.7586191173583743,
        1.7547486377140833,
        1.7557143181089372,
        1.7576590284468636,
        1.7598940398957994,
        1.7575002454576039,
        1.7603568841540624,
        1.7553074208516923,
        1.7593389598150102,
        1.7558056097182015,
        1.7545258866416082,
        1.760175177029201,
        1.7559226808093844,
        1.7590032267192053,
        1.756408207000248
    ],
    "val_loss": [
        1.3231422580205476,
        1.2266139479783864,
        0.9568161781017597,
        1.2762134533662062,
        2.8944605130415697,
        1.871946701636681,
        2.3016154766082764,
        2.6400543726407566,
        1.1134651486690228,
        1.2161103395315318,
        1.2691168234898493,
        1.319885070507343,
        1.3197128589336689,
        1.3290315224574163,
        1.318330269593459,
        1.342953847004817,
        1.3246647669718816,
        1.319241844690763,
        1.0655337388698871,
        1.2217121995412386,
        1.1470647316712599,
        1.1819919989659236,
        1.1438732972511878,
        1.2556559076676002,
        1.0418571050350482,
        1.3600596281198354,
        2.2531244571392355,
        1.0327533116707435,
        1.1795162375156696,
        1.3232712699816778,
        1.59301653275123,
        1.6757479080787072,
        1.6755345051105206,
        1.6754556527504554,
        1.6754556527504554,
        1.6763814229231615,
        1.6759361120370717,
        1.675947170991164,
        1.6759474185796885,
        1.6759474185796885,
        1.6759474185796885,
        1.6759474185796885,
        1.6759474185796885,
        1.6759474185796885,
        1.6759474185796885,
        1.6759474185796885,
        1.6759474185796885,
        1.6759474185796885,
        1.6759474185796885,
        1.6759474185796885,
        1.6759474185796885,
        1.6759474185796885,
        1.6759474185796885
    ]
}