{
    "start_datetime": "2025-07-01 07:26:10",
    "training_duration_minutes": 168.21786181131998,
    "model_parameters": 456769,
    "system_specs": {
        "platform": "Windows-10-10.0.19041-SP0",
        "python_version": "3.9.21",
        "torch_version": "2.5.1",
        "cuda_available": true,
        "cuda_version": "11.8",
        "gpu_count": 1,
        "primary_gpu_name": "NVIDIA GeForce GTX 1050",
        "gpu_details": {
            "gpu_0": {
                "name": "NVIDIA GeForce GTX 1050",
                "memory_total_gb": 2.0,
                "compute_capability": "6.1",
                "multi_processor_count": 5
            }
        },
        "cpu_count_logical": 6,
        "cpu_count_physical": 6,
        "memory_total_gb": 15.92
    },
    "simulation_time": 650,
    "dt": 10,
    "n_train": 500,
    "n_val": 100,
    "n_test": 10,
    "input_channels": 6,
    "sequence_length": 66,
    "epochs": 1000,
    "hidden_dims": [
        64,
        64
    ],
    "kernel_size": [
        [
            3,
            3
        ],
        [
            3,
            3
        ]
    ],
    "scheduled_sampling": {
        "p0": 1.0,
        "p_min": 0.0,
        "decay_epochs": 200
    },
    "batch_size": 64,
    "lr": 1.0000000000000004e-08,
    "scheduler": {
        "type": "ReduceLROnPlateau",
        "factor": 0.1,
        "patience": 10,
        "final_lr": 1.0000000000000004e-08
    },
    "early_stop_patience": 100,
    "epochs_trained": 189,
    "best_val_loss": 0.07525848597288132,
    "train_loss": [
        1.231275886297226,
        0.3444980215281248,
        0.34202949702739716,
        0.24125342816114426,
        0.31518591567873955,
        0.40317128971219063,
        0.3955424800515175,
        0.29407535679638386,
        0.23257306404411793,
        0.18658362329006195,
        0.1515113990753889,
        0.17755317129194736,
        0.12614045199006796,
        0.10805857181549072,
        0.09836853109300137,
        0.0971986586228013,
        0.08977814763784409,
        0.08063890226185322,
        0.07717940025031567,
        0.07179949898272753,
        0.09499276708811522,
        0.09511081501841545,
        0.07697948068380356,
        0.0709234019741416,
        0.0638164421543479,
        0.05909382272511721,
        0.05735121946781874,
        0.059909575153142214,
        0.07650688011199236,
        0.05963821755722165,
        0.053480518981814384,
        0.0491018109023571,
        0.04789693979546428,
        0.0459776408970356,
        0.044702076353132725,
        0.043691958766430616,
        0.04422160889953375,
        0.04130387306213379,
        0.049217141699045897,
        0.05070333927869797,
        0.04279868211597204,
        0.04093430610373616,
        0.03866745764389634,
        0.03583720698952675,
        0.034120914060622454,
        0.032925191801041365,
        0.03242255258373916,
        0.03199620544910431,
        0.031703687738627195,
        0.03176952572539449,
        0.031487759202718735,
        0.03151660040020943,
        0.03134054969996214,
        0.031194103881716728,
        0.03107466734945774,
        0.030948099913075566,
        0.03084508888423443,
        0.030669074039906263,
        0.030522236367687583,
        0.03049456258304417,
        0.030417820205911994,
        1.7328308150172234,
        0.5757731944322586,
        0.31217891722917557,
        0.1763439755886793,
        0.12677081022411585,
        0.10182079020887613,
        0.07328065857291222,
        0.06077684881165624,
        0.12802910013124347,
        0.1421008352190256,
        0.10080070327967405,
        0.09065682534128428,
        0.14128632936626673,
        0.09208190906792879,
        0.06557684484869242,
        0.054843184538185596,
        0.04544538538902998,
        0.03939208295196295,
        0.03422417817637324,
        0.03077259100973606,
        0.027238407637923956,
        0.028545265784487128,
        0.023705910425633192,
        0.059660658007487655,
        0.03320983028970659,
        0.0249279853887856,
        0.018416293431073427,
        0.015772434300743043,
        0.014571162406355143,
        0.012413394171744585,
        0.010232472908683121,
        0.009019757737405598,
        0.019456452457234263,
        0.027111485949717462,
        0.291158449370414,
        0.478061705827713,
        0.2703601326793432,
        0.17755725234746933,
        0.13956128433346748,
        0.08914998918771744,
        0.10342445317655802,
        0.08736979309469461,
        0.0655157808214426,
        0.05707908095791936,
        0.05283095082268119,
        0.050239259377121925,
        0.04805617546662688,
        0.04662393033504486,
        0.045393627136945724,
        0.044165503699332476,
        0.043179361149668694,
        0.04265656182542443,
        0.04249299643561244,
        0.042635627556592226,
        0.04248783737421036,
        0.042530625592917204,
        0.042574239894747734,
        0.04261199617758393,
        0.042653512209653854,
        0.042768757324665785,
        0.04268096620216966,
        0.04273327626287937,
        0.0428160042501986,
        0.04292853409424424,
        0.0430957293137908,
        0.043443804141134024,
        0.04339019814506173,
        0.04364438820630312,
        0.043780365493148565,
        0.04382135719060898,
        0.044088941998779774,
        0.044382667168974876,
        0.044420764315873384,
        0.044668855145573616,
        0.04487267788499594,
        0.044941123109310865,
        0.04523126222193241,
        0.045615941286087036,
        0.045668888837099075,
        0.04586045863106847,
        0.046156713739037514,
        0.04634836269542575,
        0.04669717885553837,
        0.04700153926387429,
        0.04729983862489462,
        0.04751422815024853,
        0.04776847688481212,
        0.04797044163569808,
        0.04814559919759631,
        0.048532373271882534,
        0.04895857721567154,
        0.04923101095482707,
        0.049668483436107635,
        0.04973201546818018,
        0.05020550452172756,
        0.05065329186618328,
        0.05089641734957695,
        0.05130217596888542,
        0.051558670587837696,
        0.051995997317135334,
        0.0523668248206377,
        0.05292697437107563,
        0.053432404063642025,
        0.05389837082475424,
        0.05420800857245922,
        0.05463028326630592,
        0.05515819136053324,
        0.055667783599346876,
        0.056179340463131666,
        0.057070563081651926,
        0.057247224263846874,
        0.05776961334049702,
        0.05871428968384862,
        0.05938863381743431,
        0.060029580257833004,
        0.060485612135380507,
        0.06161026330664754,
        0.06235314719378948,
        0.06288416124880314,
        0.06410320056602359,
        0.0649941167794168,
        0.06599598564207554,
        0.06658149464055896,
        0.06781933922320604,
        0.06860197614878416,
        0.06992281880229712,
        0.0715901330113411,
        0.07277609221637249
    ],