{
    "start_datetime": "2025-07-01 07:13:14",
    "training_duration_minutes": 10.808268018563588,
    "model_parameters": 456769,
    "system_specs": null,
    "simulation_time": 650,
    "dt": 10,
    "n_train": 1000,
    "n_val": 200,
    "n_test": 20,
    "input_channels": 6,
    "sequence_length": 66,
    "epochs": 1000,
    "hidden_dims": [
        64,
        64
    ],
    "kernel_size": [
        3,
        3
    ],
    "scheduled_sampling": {
        "p0": 1.0,
        "p_min": 0.0,
        "decay_epochs": 200
    },
    "batch_size": 64,
    "epochs_trained": 5,
    "best_val_loss": 1.0879242718219757,
    "lr": 0.01,
    "scheduler": {
        "type": "ReduceLROnPlateau",
        "factor": 0.1,
        "patience": 10,
        "final_lr": 0.01,
        "early_stop_patience": 100
    },
    "loss_weights": {
        "mse": 1.0,
        "physics": 1e-05,
        "boundary": 0.001
    },
    "losses": {
        "train": {
            "total": [
                1.7606963738799095,
                2.457189440727234,
                2.053788647055626,
                1.332185722887516,
                1.1682726666331291
            ],
            "mse": [
                1.2252066805958748,
                2.245082326233387,
                1.7416134662926197,
                0.9980226643383503,
                0.8910546489059925
            ],
            "physics": [
                0.04729018534999341,
                0.09340456640347838,
                0.07170847151428461,
                0.036885533132590353,
                0.03274067200254649
            ],
            "boundary": [
                535.4891834259033,
                212.10615921020508,
                312.1744680404663,
                334.16269302368164,
                277.2176752090454
            ]
        },
        "val": {
            "total": [
                2.2033699452877045,
                2.8398377895355225,
                1.3473753333091736,
                1.1635711789131165,
                1.0879242718219757
            ],
            "mse": [
                1.9775502681732178,
                2.597082793712616,
                0.9912912547588348,
                0.9009115695953369,
                0.8556236177682877
            ],
            "physics": [
                0.07930133305490017,
                0.11351855844259262,
                0.03687386680394411,
                0.033157865051180124,
                0.032241533044725657
            ],
            "boundary": [
                225.81885147094727,
                242.75397109985352,
                356.0836944580078,
                262.65928649902344,
                232.30031967163086
            ]
        }
    }
}