{
    "start_datetime": "2025-07-02 11:48:06",
    "training_duration_minutes": 52.14555716117223,
    "model_parameters": 456769,
    "system_specs": {
        "platform": "Windows-10-10.0.19041-SP0",
        "python_version": "3.9.21",
        "torch_version": "2.5.1",
        "cuda_available": true,
        "cuda_version": "11.8",
        "gpu_count": 1,
        "primary_gpu_name": "NVIDIA GeForce GTX 1050",
        "gpu_details": {
            "gpu_0": {
                "name": "NVIDIA GeForce GTX 1050",
                "memory_total_gb": 2.0,
                "compute_capability": "6.1",
                "multi_processor_count": 5
            }
        },
        "cpu_count_logical": 6,
        "cpu_count_physical": 6,
        "memory_total_gb": 15.92
    },
    "simulation_time": 650,
    "dt": 10,
    "n_train": 200,
    "n_val": 40,
    "n_test": 4,
    "input_channels": 6,
    "sequence_length": 66,
    "epochs": 1000,
    "hidden_dims": [
        64,
        64
    ],
    "kernel_size": [
        [
            3,
            3
        ],
        [
            3,
            3
        ]
    ],
    "scheduled_sampling": {
        "p0": 1.0,
        "p_min": 0.0,
        "decay_epochs": 200
    },
    "batch_size": 64,
    "lr": 1.0000000000000004e-08,
    "scheduler": {
        "type": "ReduceLROnPlateau",
        "factor": 0.1,
        "patience": 10,
        "final_lr": 1.0000000000000004e-08
    },
    "early_stop_patience": 100,
    "epochs_trained": 134,
    "best_val_loss": 0.431693434715271,
    "train_loss": [
        1.135729342699051,
        0.6429831609129906,
        0.29582706466317177,
        0.2320173941552639,
        0.24560264497995377,
        0.29495568573474884,
        0.743100106716156,
        0.7573407143354416,
        0.7054969370365143,
        0.5340578481554985,
        0.38326333835721016,
        0.40179044753313065,
        0.6813708990812302,
        0.6560448855161667,
        0.5855442136526108,
        0.46350932121276855,
        0.3507899194955826,
        0.303311824798584,
        0.2812578156590462,
        0.27423296868801117,
        0.2522965371608734,
        0.23101559281349182,
        0.22098145261406898,
        0.21871550753712654,
        0.18486159667372704,
        0.1842317059636116,
        0.1746528372168541,
        0.15975026041269302,
        0.1513761542737484,
        0.14423801563680172,
        0.13820662908256054,
        0.13076972402632236,
        0.12576178088784218,
        0.12066103704273701,
        0.1158502884209156,
        0.11405765637755394,
        0.10762889124453068,
        0.10233624652028084,
        0.10619822330772877,
        0.09998194687068462,
        0.10082963667809963,
        0.09694877453148365,
        0.09479727782309055,
        0.09399312362074852,
        0.0961965974420309,
        0.09989850781857967,
        0.0945117138326168,
        0.08798311091959476,
        0.08234310336410999,
        0.08355395682156086,
        0.08469186909496784,
        0.08365309424698353,
        0.07894711568951607,
        0.0790509395301342,
        0.08224052004516125,
        0.08128810860216618,
        0.08033361472189426,
        0.08085039630532265,
        0.07820197939872742,
        0.07886371202766895,
        0.08219867944717407,
        0.08093887194991112,
        0.07807712629437447,
        0.08281801640987396,
        0.08720836043357849,
        0.08305972628295422,
        0.0790339894592762,
        0.08364436775445938,
        0.0856610294431448,
        0.08145766891539097,
        0.0837935097515583,
        0.08448811806738377,
        0.08609622903168201,
        0.08024733141064644,
        0.08375366777181625,
        0.08531628735363483,
        0.08435728959739208,
        0.08973019756376743,
        0.08298871666193008,
        0.09017443098127842,
        0.08609668537974358,
        0.08494573272764683,
        0.08521167561411858,
        0.08920848555862904,
        0.08972439356148243,
        0.08816966973245144,
        0.08839200623333454,
        0.08490410447120667,
        0.08741121366620064,
        0.09537297114729881,
        0.08843232318758965,
        0.09477564506232738,
        0.09575400687754154,
        0.09243928827345371,
        0.0973992794752121,
        0.09632470272481441,
        0.09293865785002708,
        0.0929937157779932,
        0.08902840688824654,
        0.09124656207859516,
        0.0965168010443449,
        0.0984706562012434,
        0.09381697699427605,
        0.09491341188549995,
        0.10053826309740543,
        0.10007465071976185,
        0.09741570800542831,
        0.09765387140214443,
        0.10338700748980045,
        0.10128336772322655,
        0.10127796977758408,
        0.10337063297629356,
        0.10284587740898132,
        0.10580859519541264,
        0.10111526399850845,
        0.10194068029522896,
        0.10138747841119766,
        0.10265633836388588,
        0.10989166982471943,
        0.10619704239070415,
        0.10522180423140526,
        0.10587271675467491,
        0.11173382587730885,
        0.10766680538654327,
        0.11806461215019226,
        0.10910987108945847,
        0.11143140867352486,
        0.11846140958368778,
        0.11515789479017258,
        0.1096040178090334,
        0.1165949497371912,
        0.11819886602461338,
        0.11930220201611519,
        0.12829184345901012
    ],