{
    "start_datetime": "2025-07-01 09:10:49",
    "training_duration_minutes": 0.7187437534332275,
    "model_parameters": 456769,
    "system_specs": {
        "platform": "Windows-10-10.0.19041-SP0",
        "python_version": "3.9.21",
        "torch_version": "2.5.1",
        "cuda_available": true,
        "cuda_version": "11.8",
        "gpu_count": 1,
        "primary_gpu_name": "NVIDIA GeForce GTX 1050",
        "gpu_details": {
            "gpu_0": {
                "name": "NVIDIA GeForce GTX 1050",
                "memory_total_gb": 2.0,
                "compute_capability": "6.1",
                "multi_processor_count": 5
            }
        },
        "cpu_count_logical": 6,
        "cpu_count_physical": 6,
        "memory_total_gb": 15.92
    },
    "simulation_time": 650,
    "dt": 10,
    "n_train": 10,
    "n_val": 2,
    "n_test": 0,
    "input_channels": 6,
    "sequence_length": 66,
    "epochs": 1000,
    "hidden_dims": [
        64,
        64
    ],
    "kernel_size": [
        [
            3,
            3
        ],
        [
            3,
            3
        ]
    ],
    "scheduled_sampling": {
        "p0": 1.0,
        "p_min": 0.0,
        "decay_epochs": 200
    },
    "batch_size": 64,
    "lr": 1.0000000000000004e-08,
    "scheduler": {
        "type": "ReduceLROnPlateau",
        "factor": 0.1,
        "patience": 10,
        "final_lr": 1.0000000000000004e-08
    },
    "early_stop_patience": 100,
    "epochs_trained": 125,
    "best_val_loss": 0.27424028515815735,
    "train_loss": [
        0.8569458723068237,
        1.8860807418823242,
        1.8893781900405884,
        1.3710836172103882,
        0.9380478858947754,
        0.8123443722724915,
        0.8552089333534241,
        0.8556224703788757,
        0.8131975531578064,
        0.8260124921798706,
        0.8890380859375,
        0.8750931620597839,
        0.8241578936576843,
        0.811808168888092,
        0.8077502846717834,
        0.8002417683601379,
        0.7667229771614075,
        0.7538939118385315,
        0.7401248812675476,
        0.713790237903595,
        0.6925897002220154,
        0.6528293490409851,
        0.5960670113563538,
        0.5841925740242004,
        0.5471778512001038,
        0.47670501470565796,
        0.44185587763786316,
        0.38149383664131165,
        0.3414405286312103,
        0.33332207798957825,
        0.32689958810806274,
        0.33771204948425293,
        0.25417307019233704,
        0.3060023784637451,
        0.23698171973228455,
        0.23910285532474518,
        0.25646737217903137,
        0.20234879851341248,
        0.2017722874879837,
        0.19811032712459564,
        0.19258351624011993,
        0.1880091279745102,
        0.18508204817771912,
        0.18445691466331482,
        0.18402478098869324,
        0.18285906314849854,
        0.18065959215164185,
        0.1784701645374298,
        0.17640089988708496,
        0.17659728229045868,
        0.17635692656040192,
        0.17722159624099731,
        0.17662395536899567,
        0.17642411589622498,
        0.17622846364974976,
        0.17671872675418854,
        0.17683614790439606,
        0.176809161901474,
        0.1761491447687149,
        0.17663465440273285,
        0.17674140632152557,
        0.17719261348247528,
        0.17725738883018494,
        0.17706948518753052,
        0.17731107771396637,
        0.17757548391819,
        0.17786669731140137,
        0.17884066700935364,
        0.17882505059242249,
        0.1787189096212387,
        0.1787850260734558,
        0.1795361489057541,
        0.17947541177272797,
        0.17971032857894897,
        0.18030256032943726,
        0.18100561201572418,
        0.1809951663017273,
        0.1815585494041443,
        0.18144771456718445,
        0.1815653294324875,
        0.1812993288040161,
        0.18238449096679688,
        0.18286031484603882,
        0.18325556814670563,
        0.1831582635641098,
        0.18318471312522888,
        0.18377843499183655,
        0.18330083787441254,
        0.18438434600830078,
        0.18487761914730072,
        0.18532995879650116,
        0.1852734088897705,
        0.1856798380613327,
        0.18645967543125153,
        0.18645904958248138,
        0.18697218596935272,
        0.18667665123939514,
        0.18796060979366302,
        0.18771351873874664,
        0.1883191466331482,
        0.1882743388414383,
        0.18881604075431824,
        0.1893678456544876,
        0.1899646818637848,
        0.18996207416057587,
        0.1902889907360077,
        0.19046427309513092,
        0.1910550445318222,
        0.19118984043598175,
        0.19265976548194885,
        0.1924939751625061,
        0.19297052919864655,
        0.19304615259170532,
        0.19402748346328735,
        0.194085955619812,
        0.19407160580158234,
        0.1955658197402954,
        0.19537588953971863,
        0.19624093174934387,
        0.1966303288936615,
        0.19656015932559967,
        0.19691801071166992,
        0.19821128249168396,
        0.19793570041656494,
        0.19859015941619873
    ],